gsc_id,rhyme_section,series_number,schuessler_k_tokens,schuessler_source_page,schuessler_cross_reference_only,in_tex,tex_character_count,tex_characters_sample,mand2mc_row_count,mand2mc_character_count,mand2mc_characters_sample,bs_gsr_row_count,bs_gsr_character_count,bs_gsr_characters_sample,combined_source_character_count,combined_source_characters_sample
01-01,1,1,49; 1258a,71,no,yes,39,古; 姑; 沽; 罟; 蛄; 盬; 䀇; 从; 皿; 缶,41,36,古; 胡; 酤; 居; 錮; 固; 箇; 姑; 橭; 楛,19,16,糊; 菇; 痼; 古; 胡; 居; 錮; 固; 個; 姑,40,古; 胡; 酤; 居; 錮; 固; 箇; 姑; 橭; 楛
01-02,1,2,50,72,no,yes,3,鼓; 鼔; 瞽,3,3,鼓; 鼔; 瞽,3,3,鼓; 鼔; 瞽,3,鼓; 鼔; 瞽
01-03,1,3,51,72,no,yes,2,股; 羖,2,2,股; 羖,2,2,股; 羖,2,股; 羖
01-04,1,4,52,72,no,yes,1,蠱,1,1,蠱,1,1,蠱,1,蠱
01-06,1,6,53; 91,72,no,yes,5,戶; 扈; 鳸; 雇; 顧,7,6,戶; 扈; 雇; 鳸; 顧; 所,7,6,戶; 扈; 雇; 鳸; 顧; 所,6,戶; 扈; 雇; 鳸; 顧; 所
01-07,1,7,54,72,no,yes,3,互; 枑; 沍,3,3,互; 枑; 沍,3,3,互; 枑; 沍,3,互; 枑; 沍
01-08,1,8,642a; 642b; 642c; 642d; 642e; 642f; 642g,72,yes,no,0,,10,6,去; 呿; 祛; 袪; 麮; 胠,1,1,去,6,去; 呿; 祛; 袪; 麮; 胠
01-09,1,9,803,72,no,no,0,,13,9,豦; 遽; 醵; 據; 鐻; 臄; 劇; 籧; 蘧,2,2,遽; 據,9,豦; 遽; 醵; 據; 鐻; 臄; 劇; 籧; 蘧
01-10,1,10,74,73,no,yes,2,車; 庫,3,2,車; 庫,3,2,車; 庫,2,車; 庫
01-12,1,12,33,73,no,yes,11,叚; 假; 嘏; 葭; 豭; 暇; 瑕; 蝦; 遐; 霞,11,11,叚; 假; 嘏; 葭; 豭; 暇; 瑕; 蝦; 遐; 霞,9,8,叚; 假; 豭; 暇; 瑕; 蝦; 遐; 騢,11,叚; 假; 嘏; 葭; 豭; 暇; 瑕; 蝦; 遐; 霞
01-13,1,13,34,73,no,yes,1,斝,1,1,斝,1,1,斝,1,斝
01-14,1,14,35,73,no,yes,2,下; 芐,4,2,下; 芐,3,2,下; 芐,2,下; 芐
01-15,1,15,36,73,no,yes,3,夏; 廈; 厦,4,3,夏; 廈; 厦,4,3,夏; 廈; 厦,3,夏; 廈; 厦
01-16,1,16,38,74,no,yes,4,襾; 賈; 價; 檟,5,4,襾; 賈; 價; 檟,4,3,襾; 賈; 價,4,襾; 賈; 價; 檟
01-17,1,17,55,74,no,yes,4,乎; 呼; 虖; 嘑,5,4,乎; 虖; 呼; 嘑,4,2,乎; 呼,4,乎; 虖; 呼; 嘑
01-18,1,18,57; 78; 85,74,no,yes,1,處,14,10,虍; 虎; 琥; 虛; 墟; 歔; 噓; 虡; 𥲤; 處,7,5,虍; 虎; 虛; 墟; 處,10,虍; 虎; 琥; 虛; 墟; 歔; 噓; 虡; 𥲤; 處
01-19,1,19,95,74,no,yes,18,巨; 柜; 蚷; 拒; 秬; 粔; 耟; 詎; 距; 鉅,17,14,巨; 矩; 榘; 柜; 渠; 蚷; 拒; 秬; 𩰤; 粔,2,2,渠; 粔,14,巨; 矩; 榘; 柜; 渠; 蚷; 拒; 秬; 𩰤; 粔
01-20,1,20,96,74,no,no,0,,8,7,䀠; 瞿; 衢; 躣; 鸜; 臞; 懼,2,2,䀠; 懼,7,䀠; 瞿; 衢; 躣; 鸜; 臞; 懼
01-21,1,21,41,75,no,yes,9,瓜; 呱; 孤; 罛; 苽; 觚; 軱; 弧; 狐,9,9,瓜; 呱; 孤; 罛; 苽; 觚; 軱; 弧; 狐,5,5,瓜; 呱; 孤; 罛; 狐,9,瓜; 呱; 孤; 罛; 苽; 觚; 軱; 弧; 狐
01-22,1,22,42,75,no,yes,14,夸; 誇; 姱; 跨; 荂; 刳; 挎; 袴; 絝; 瓠,1,1,寡,1,1,寡,1,寡
01-24,1,24,98,75,no,yes,3,羽; 栩; 詡,3,3,羽; 栩; 詡,1,1,羽,3,羽; 栩; 詡
01-25,1,25,99,76,no,yes,5,禹; 偊; 楀; 萭; 踽,5,5,禹; 偊; 楀; 萭; 踽,0,0,,5,禹; 偊; 楀; 萭; 踽
01-26,1,26,100,76,no,yes,1,雨,2,1,雨,2,1,雨,1,雨
01-27,1,27,44,76,no,yes,3,華; 驊; 譁,5,3,華; 驊; 譁,4,2,華; 譁,3,華; 驊; 譁
01-28,1,28,61,76,no,yes,6,烏; 嗚; 於; 棜; 瘀; 菸,8,6,烏; 嗚; 於; 棜; 瘀; 菸,3,2,烏; 於,6,烏; 嗚; 於; 棜; 瘀; 菸
01-29,1,29,58,76,no,yes,14,五; 伍; 吾; 悟; 捂; 晤; 梧; 寤; 啎; 圄,17,14,五; 伍; 吾; 悟; 捂; 晤; 梧; 寤; 啎; 圄,10,8,五; 伍; 吾; 悟; 晤; 寤; 語; 鋙,14,五; 伍; 吾; 悟; 捂; 晤; 梧; 寤; 啎; 圄
01-30,1,30,60,77,no,yes,9,午; 仵; 忤; 迕; 杵; 許; 滸; 御; 禦,10,8,午; 仵; 忤; 迕; 許; 滸; 御; 禦,7,5,午; 許; 滸; 御; 禦,8,午; 仵; 忤; 迕; 許; 滸; 御; 禦
01-31,1,31,79; 67,77,no,yes,5,魚; 漁; 䱷; 穌; 蘇,5,5,魚; 漁; 䱷; 穌; 蘇,4,4,漁; 䱷; 穌; 蘇,5,魚; 漁; 䱷; 穌; 蘇
01-32,1,32,81,77,no,yes,1,圉,2,1,圉,0,0,,1,圉
01-33,1,33,80,77,no,yes,1,馭,1,1,馭,0,0,,1,馭
01-34,1,34,37,77,no,yes,1,舉,7,7,牙; 庌; 芽; 訝; 迓; 雅; 鴉,7,6,牙; 庌; 芽; 迓; 雅; 鴉,7,牙; 庌; 芽; 訝; 迓; 雅; 鴉
01-35,1,35,59,77,no,yes,8,吳; 誤; 悞; 俁; 娛; 麌; 虞; 噳,8,8,吳; 誤; 悞; 俁; 娛; 虞; 麌; 噳,5,4,吳; 誤; 娛; 虞,8,吳; 誤; 悞; 俁; 娛; 虞; 麌; 噳
01-36,1,36,62,78,no,yes,5,土; 吐; 徒; 杜; 社,7,5,土; 吐; 徒; 杜; 社,5,4,土; 吐; 徒; 社,5,土; 吐; 徒; 杜; 社
01-37,1,37,64,78,no,yes,1,圖,1,1,圖,1,1,圖,1,圖
01-38,1,38,45,78,no,yes,37,者; 赭; 奢; 褚; 帾; 睹; 覩; 都; 楮; 屠,37,32,者; 帾; 睹; 赭; 覩; 奢; 都; 褚; 豬; 闍,23,20,者; 睹; 奢; 都; 褚; 豬; 屠; 瘏; 渚; 煑,32,者; 帾; 睹; 赭; 覩; 奢; 都; 褚; 豬; 闍
01-39,1,39,84,79,no,yes,6,宁; 佇; 竚; 紵; 羜; 貯,7,6,宁; 佇; 竚; 紵; 羜; 貯,1,1,紵,6,宁; 佇; 竚; 紵; 羜; 貯
01-40,1,40,1242b,79,no,no,0,,1,1,樗,0,0,,1,樗
01-41,1,41,86,79,no,no,0,,1,1,杵,1,1,杵,1,杵
01-42,1,42,82,79,no,yes,19,余; 畬; 田; 悆; 艅; 餘; 敘; 䣄; 賖; 賒,22,17,余; 㻌; 稌; 篨; 畬; 悆; 艅; 餘; 除; 敘,13,11,余; 稌; 塗; 餘; 除; 敘; 徐; 賖; 賒; 涂,19,余; 㻌; 稌; 篨; 畬; 悆; 艅; 餘; 除; 敘
01-43,1,43,83,80,no,yes,14,予; 𤊂; 豫; 杼; 抒; 序; 芧; 紓; 舒; 野,16,12,予; 𨑦; 豫; 杼; 抒; 序; 芧; 紓; 舒; 野,12,9,予; 豫; 抒; 序; 紓; 舒; 野; 𡐨; 埜,12,予; 𨑦; 豫; 杼; 抒; 序; 芧; 紓; 舒; 野
01-44,1,44,83n,80,no,yes,2,兔; 菟,1,1,埜,1,1,埜,1,埜
01-45,1,45,89; 75,80,no,yes,11,舁; 與; 歟; 璵; 䑂; 譽; 輿; 鸒; 旟; 藇,16,12,舁; 與; 歟; 璵; 䑂; 譽; 輿; 鸒; 旟; 藇,10,6,舁; 與; 譽; 輿; 鸒; 舉,12,舁; 與; 歟; 璵; 䑂; 譽; 輿; 鸒; 旟; 藇
01-46,1,46,63,81,no,no,0,,2,2,兔; 菟,1,1,兔,2,兔; 菟
01-47,1,47,47,81,no,no,0,,5,3,邪; 耶; 衺,3,1,邪,3,邪; 耶; 衺
01-48,1,48,48,81,no,yes,2,舍; 捨,3,2,舍; 捨,3,2,舍; 捨,2,舍; 捨
01-49,1,49,92,81,no,yes,2,鼠; 癙,2,2,鼠; 癙,2,2,鼠; 癙,2,鼠; 癙
01-50,1,50,93,81,no,yes,1,黍,1,1,黍,1,1,黍,1,黍
01-51,1,51,69,81,no,no,0,,18,18,𧆨; 盧; 虜; 慮; 膚; 壚; 櫨; 爐; 鑪; 籚,9,9,𧆨; 慮; 膚; 爐; 鑪; 廬; 儢; 藘; 攄,18,𧆨; 盧; 虜; 慮; 膚; 壚; 櫨; 爐; 鑪; 籚
01-52,1,52,70,82,no,yes,2,魯; 櫓,2,2,魯; 櫓,3,2,魯; 櫓,2,魯; 櫓
01-53,1,53,71,82,no,yes,1,鹵,1,1,鹵,2,1,鹵,1,鹵
01-54,1,54,76,82,no,yes,7,呂; 侶; 梠; 閭; 郘; 筥; 莒,7,7,呂; 侶; 梠; 閭; 郘; 筥; 莒,2,2,呂; 莒,7,呂; 侶; 梠; 閭; 郘; 筥; 莒
01-56,1,56,94,82,no,yes,21,女; 籹; 汝; 如; 帤; 袽; 洳; 茹; 鴽; 恕,30,21,女; 怒; 拏; 挐; 砮; 笯; 籹; 駑; 如; 汝,17,13,女; 怒; 拏; 挐; 籹; 如; 汝; 奴; 洳; 茹,21,女; 怒; 拏; 挐; 砮; 笯; 籹; 駑; 如; 汝
01-57,1,57,46,83,no,yes,37,且; 罝; 柤; 抯; 蛆; 岨; 狙; 疽; 砠; 雎,45,35,且; 鉏; 祖; 租; 組; 罝; 粗; 柤; 徂; 抯,13,11,且; 祖; 粗; 徂; 沮; 岨; 鋤; 砠; 鴡; 阻,35,且; 鉏; 祖; 租; 組; 罝; 粗; 柤; 徂; 抯
01-58,1,58,65,84,no,yes,1,觕,1,1,觕,0,0,,1,觕
01-59,1,59,66,84,no,yes,1,麤,1,1,麤,0,0,,1,麤
01-61,1,61,68,84,no,yes,1,素,1,1,素,1,1,素,1,素
01-62,1,62,90; 88,84,no,yes,10,疋; 疎; 楚; 疏; 蔬; 胥; 湑; 稰; 糈; 壻,10,10,疋; 疏; 疎; 蔬; 胥; 湑; 稰; 糈; 壻; 楚,9,7,梳; 疋; 疏; 疎; 蔬; 湑; 楚,11,疋; 疏; 疎; 蔬; 胥; 湑; 稰; 糈; 壻; 楚
01-63,1,63,91,84,no,yes,1,所,2,1,所,1,1,所,1,所
01-64,1,64,72,85,no,yes,1,普,1,1,普,0,0,,1,普
01-65,1,65,73,85,no,yes,1,步,1,1,步,1,1,步,1,步
01-66,1,66,101,85,no,yes,5,夫; 鈇; 扶; 枎; 芙,9,5,夫; 鈇; 扶; 枎; 芙,5,3,夫; 鈇; 扶,5,夫; 鈇; 扶; 枎; 芙
01-67,1,67,102; 771,85,no,yes,31,父; 釜; 斧; 布; 怖; 甫; 脯; 莆; 黼; 簠,53,42,父; 補; 逋; 餔; 釜; 浦; 痡; 斧; 鋪; 哺,26,21,父; 補; 浦; 痡; 斧; 鋪; 哺; 布; 匍; 甫,42,父; 補; 逋; 餔; 釜; 浦; 痡; 斧; 鋪; 哺
01-68,1,68,39,86,no,yes,6,巴; 把; 芭; 豝; 杷; 耙,8,6,巴; 把; 芭; 豝; 杷; 耙,5,4,巴; 把; 豝; 耙,6,巴; 把; 芭; 豝; 杷; 耙
01-69,1,69,103,87,no,yes,13,無; 廡; 憮; 甒; 蕪; 譕; 幠; 膴; 撫; 鄦,15,12,無; 舞; 儛; 廡; 憮; 甒; 蕪; 譕; 幠; 膴,6,6,無; 舞; 儛; 譕; 幠; 撫,12,無; 舞; 儛; 廡; 憮; 甒; 蕪; 譕; 幠; 膴
01-70,1,70,106,87,no,yes,1,无,1,1,无,1,1,无,1,无
01-71,1,71,104,87,no,yes,3,武; 鵡; 賦,3,3,武; 鵡; 賦,3,2,武; 賦,3,武; 鵡; 賦
01-72,1,72,105,87,no,yes,2,巫; 誣,2,2,巫; 誣,2,2,巫; 誣,2,巫; 誣
01-73,1,73,40,88,no,yes,3,馬; 禡; 罵,4,3,馬; 禡; 罵,2,2,馬; 罵,3,馬; 禡; 罵
02-01,2,1,766,90,no,no,0,,47,37,各; 觡; 骼; 胳; 客; 袼; 閣; 恪; 垎; 貉,12,12,各; 胳; 客; 袼; 閣; 貉; 賂; 路; 落; 露,37,各; 觡; 骼; 胳; 客; 袼; 閣; 恪; 垎; 貉
02-02,2,2,776,91,no,no,0,,8,8,𧮫; 卻; 却; 綌; 郤; 郄; 腳; 脚,4,4,却; 郤; 腳; 脚,8,𧮫; 卻; 却; 綌; 郤; 郄; 腳; 脚
02-03,2,3,785,91,no,no,0,,2,2,𢧢; 戟,1,1,戟,2,𢧢; 戟
02-04,2,4,786,91,no,no,0,,1,1,丮,0,0,,1,丮
02-05,2,5,787,91,no,no,0,,4,4,𡭴; 𡭽; 隙; 虩,1,1,隙,4,𡭴; 𡭽; 隙; 虩
02-06,2,6,774,91,no,no,0,,6,6,郭; 椁; 槨; 廓; 鞟; 鞹,3,3,郭; 槨; 廓,6,郭; 椁; 槨; 廓; 鞟; 鞹
02-07,2,7,96; 778,92,no,yes,7,䀠; 瞿; 衢; 躣; 鸜; 臞; 懼,15,12,䀠; 瞿; 衢; 躣; 鸜; 臞; 懼; 矍; 攫; 玃,2,2,䀠; 懼,12,䀠; 瞿; 衢; 躣; 鸜; 臞; 懼; 矍; 攫; 玃
02-08,2,8,784,92,no,no,0,,11,10,蒦; 獲; 韄; 彠; 穫; 鑊; 濩; 護; 雘; 蠖,5,5,蒦; 獲; 穫; 護; 擭,11,蒦; 獲; 韄; 彠; 穫; 鑊; 濩; 護; 雘; 蠖
02-09,2,9,767,92,no,no,0,,1,1,壑,1,1,壑,1,壑
02-10,2,10,779,92,no,no,0,,3,2,赫; 嚇,3,2,赫; 嚇,2,赫; 嚇
02-11,2,11,789,93,no,no,0,,1,1,覤,0,0,,1,覤
02-12,2,12,775,93,no,no,0,,4,4,霍; 靃; 藿; 臛,0,0,,4,霍; 靃; 藿; 臛
02-13,2,13,805,93,no,no,0,,7,4,亞; 啞; 堊; 惡,5,4,亞; 啞; 堊; 惡,4,亞; 啞; 堊; 惡
02-14,2,14,788,93,no,no,0,,11,11,屰; 逆; 㖾; 咢; 愕; 遌; 遻; 諤; 鄂; 鍔,7,7,屰; 逆; 咢; 愕; 遌; 遻; 諤,11,屰; 逆; 㖾; 咢; 愕; 遌; 遻; 諤; 鄂; 鍔
02-15,2,15,768,93,no,no,0,,3,2,噩; 蘁,0,0,,2,噩; 蘁
02-16,2,16,801,93,no,no,0,,4,3,度; 渡; 剫,2,1,度,3,度; 渡; 剫
02-17,2,17,795,94,no,no,0,,13,13,石; 祏; 碩; 鼫; 跖; 磔; 斫; 柘; 拓; 妬,8,8,石; 碩; 斫; 柘; 妬; 妒; 橐; 蠹,13,石; 祏; 碩; 鼫; 跖; 磔; 斫; 柘; 拓; 妬
02-18,2,18,804,94,no,no,0,,5,4,庶; 遮; 摭; 蹠,3,3,庶; 遮; 摭,4,庶; 遮; 摭; 蹠
02-19,2,19,791,94,no,no,0,,2,1,炙,2,1,炙,1,炙
02-20,2,20,794,94,no,no,0,,1,1,尺,1,1,尺,1,尺
02-21,2,21,1258b,94,no,no,0,,1,1,辵,0,0,,1,辵
02-22,2,22,780,94,no,no,0,,9,8,乇; 宅; 託; 秅; 咤; 詫; 侘; 㓃,4,4,乇; 宅; 託; 秅,8,乇; 宅; 託; 秅; 咤; 詫; 侘; 㓃
02-23,2,23,792,95,no,no,0,,9,9,㡿; 斥; 厈; 坼; 𣔳; 柝; 㴑; 泝; 訴,7,7,㡿; 斥; 厈; 坼; 㴑; 泝; 訴,9,㡿; 斥; 厈; 坼; 𣔳; 柝; 㴑; 泝; 訴
02-24,2,24,793,95,no,no,0,,4,3,赤; 赦; 螫,3,3,赤; 赦; 螫,3,赤; 赦; 螫
02-25,2,25,790,95,no,no,0,,22,17,睪; 圛; 懌; 斁; 繹; 譯; 醳; 驛; 𢍰; 𥼶,7,7,譯; 驛; 𥼶; 釋; 檡; 澤; 鐸,17,睪; 圛; 懌; 斁; 繹; 譯; 醳; 驛; 𢍰; 𥼶
02-26,2,26,807,95,no,no,0,,7,4,射; 䠶; 榭; 謝,3,2,射; 謝,4,射; 䠶; 榭; 謝
02-27,2,27,800,96,no,no,0,,10,10,亦; 奕; 帟; 弈; 跡; 迹; 夜; 掖; 腋; 液,6,5,亦; 跡; 迹; 夜; 液,10,亦; 奕; 帟; 弈; 跡; 迹; 夜; 掖; 腋; 液
02-28,2,28,796,96,no,no,0,,2,2,夕; 穸,1,1,夕,2,夕; 穸
02-29,2,29,797,96,no,no,0,,2,2,席; 蓆,1,1,席,2,席; 蓆
02-30,2,30,777,96,no,yes,8,若; 諾; 箬; 鄀; 婼; 匿; 暱; 慝,8,8,若; 諾; 箬; 鄀; 婼; 匿; 暱; 慝,5,4,若; 匿; 暱; 慝,8,若; 諾; 箬; 鄀; 婼; 匿; 暱; 慝
02-31,2,31,806,96,no,no,0,,16,14,乍; 咋; 詐; 祚; 胙; 阼; 笮; 作; 迮; 柞,6,5,乍; 詐; 胙; 作; 昨,14,乍; 咋; 詐; 祚; 胙; 阼; 笮; 作; 迮; 柞
02-32,2,32,798,97,no,no,0,,26,20,昔; 籍; 藉; 簎; 惜; 腊; 耤; 踖; 趞; 鵲,12,9,昔; 籍; 藉; 惜; 鵲; 斮; 錯; 借; 措,20,昔; 籍; 藉; 簎; 惜; 腊; 耤; 踖; 趞; 鵲
02-33,2,33,770,97,no,no,0,,2,1,索,2,1,索,1,索
02-34,2,34,769,98,no,no,0,,4,4,朔; 愬; 𧪜; 遡,4,4,朔; 愬; 𧪜; 遡,4,朔; 愬; 𧪜; 遡
02-35,2,35,799,98,no,no,0,,4,4,舄; 潟; 寫; 瀉,6,4,舄; 潟; 寫; 瀉,4,舄; 潟; 寫; 瀉
02-36,2,36,773,98,no,no,0,,1,1,亳,0,0,,1,亳
02-37,2,37,781,98,no,no,0,,3,3,百; 貊; 陌,2,2,百; 陌,3,百; 貊; 陌
02-38,2,38,782,98,no,no,0,,14,12,白; 帛; 伯; 柏; 迫; 怕; 拍; 魄; 粕; 胉,8,8,白; 帛; 伯; 迫; 拍; 魄; 胉; 碧,12,白; 帛; 伯; 柏; 迫; 怕; 拍; 魄; 粕; 胉
02-39,2,39,772,98,no,no,0,,2,1,霸,2,1,霸,1,霸
02-40,2,40,802,99,no,no,0,,18,16,莫; 暮; 募; 墓; 嫫; 慕; 模; 膜; 謨; 蟆,9,8,莫; 募; 墓; 慕; 模; 謨; 幕; 冪,16,莫; 暮; 募; 墓; 嫫; 慕; 模; 膜; 謨; 蟆
03-01,3,1,698,100,no,no,0,,11,9,亢; 抗; 伉; 忼; 杭; 沆; 頏; 坑; 阬,4,4,航; 亢; 抗; 杭,10,亢; 抗; 伉; 忼; 杭; 沆; 頏; 坑; 阬; 航
03-02,3,2,697,100,no,no,0,,7,5,岡; 剛; 綱; 犅; 鋼,3,3,剛; 綱; 鋼,5,岡; 剛; 綱; 犅; 鋼
03-03,3,3,710,100,no,no,0,,9,6,畺; 壃; 僵; 薑; 彊; 疆,4,4,畺; 薑; 彊; 疆,6,畺; 壃; 僵; 薑; 彊; 疆
03-04,3,4,713,101,no,no,0,,6,4,强; 強; 繈; 襁,2,2,强; 強,4,强; 強; 繈; 襁
03-05,3,5,711,101,no,no,0,,1,1,姜,1,1,姜,1,姜
03-06,3,6,712,101,no,no,0,,2,2,羌; 蜣,2,1,羌,2,羌; 蜣
03-07,3,7,752,101,no,no,0,,5,4,竟; 境; 鏡; 滰,2,2,境; 鏡,4,竟; 境; 鏡; 滰
03-08,3,8,753,101,no,no,0,,1,1,慶,0,0,,1,慶
03-09,3,9,754,101,no,no,0,,1,1,競,1,1,競,1,競
03-10,3,10,755,101,no,no,0,,12,11,京; 景; 勍; 鯨; 黥; 憬; 倞; 亮; 掠; 涼,6,5,京; 景; 鯨; 涼; 諒,11,京; 景; 勍; 鯨; 黥; 憬; 倞; 亮; 掠; 涼
03-11,3,11,745,101,no,no,0,,7,5,更; 哽; 鯁; 梗; 綆,3,2,更; 梗,5,更; 哽; 鯁; 梗; 綆
03-12,3,12,746; 700,102,no,no,0,,12,11,庚; 賡; 康; 𡻚; 慷; 穅; 糠; 唐; 塘; 榶,6,4,庚; 康; 唐; 塘,11,庚; 賡; 康; 𡻚; 慷; 穅; 糠; 唐; 塘; 榶
03-13,3,13,747,102,no,no,0,,1,1,羹,1,1,羹,1,羹
03-14,3,14,748,102,no,no,0,,10,6,行; 荇; 桁; 珩; 衡; 蘅,6,4,行; 荇; 桁; 衡,6,行; 荇; 桁; 珩; 衡; 蘅
03-15,3,15,749,102,no,no,0,,1,1,杏,1,1,杏,1,杏
03-16,3,16,714,102,no,no,0,,14,9,皀; 鄉; 嚮; 饗; 曏; 膷; 薌; 響; 卿,14,9,皀; 鄉; 嚮; 饗; 曏; 膷; 薌; 響; 卿,9,皀; 鄉; 嚮; 饗; 曏; 膷; 薌; 響; 卿
03-17,3,17,716,103,no,no,0,,4,2,享; 亨,5,2,享; 亨,2,享; 亨
03-18,3,18,715,103,no,no,0,,2,2,向; 餉,1,1,餉,2,向; 餉
03-19,3,19,717,103,no,no,0,,1,1,香,1,1,香,1,香
03-20,3,20,718,103,no,no,0,,12,9,央; 佒; 怏; 殃; 鞅; 泱; 鴦; 盎; 英,5,4,央; 殃; 鴦; 英,9,央; 佒; 怏; 殃; 鞅; 泱; 鴦; 盎; 英
03-21,3,21,756,104,no,no,0,,1,1,影,1,1,影,1,影
03-22,3,22,706,104,no,no,0,,7,6,光; 洸; 絖; 侊; 觥; 恍,1,1,光,6,光; 洸; 絖; 侊; 觥; 恍
03-23,3,23,707,104,no,no,0,,17,13,黃; 璜; 潢; 簧; 廣; 觵; 橫; 壙; 曠; 纊,9,7,黃; 廣; 橫; 壙; 曠; 纊; 擴,13,黃; 璜; 潢; 簧; 廣; 觵; 橫; 壙; 曠; 纊
03-24,3,24,708,104,no,no,0,,14,12,皇; 徨; 偟; 湟; 煌; 篁; 遑; 隍; 餭; 凰,6,5,皇; 徨; 煌; 隍; 蝗,12,皇; 徨; 偟; 湟; 煌; 篁; 遑; 隍; 餭; 凰
03-25,3,25,763,105,no,no,0,,1,1,冏,1,1,囧,2,冏; 囧
03-26,3,26,739,105,no,no,0,,18,13,王; 㞷; 往; 迋; 匡; 狂; 枉; 汪; 尪; 眶,11,9,王; 往; 迋; 匡; 狂; 枉; 汪; 尪; 筐,13,王; 㞷; 往; 迋; 匡; 狂; 枉; 汪; 尪; 眶
03-27,3,27,764,105,no,no,0,,4,4,永; 咏; 詠; 泳,4,4,永; 咏; 詠; 泳,4,永; 咏; 詠; 泳
03-28,3,28,765,105,no,no,0,,5,5,兄; 况; 況; 貺; 軦,2,2,兄; 況,5,兄; 况; 況; 貺; 軦
03-29,3,29,699,105,no,no,0,,6,4,卬; 昂; 仰; 迎,4,3,卬; 仰; 迎,4,卬; 昂; 仰; 迎
03-30,3,30,701,106,no,no,0,,1,1,宕,0,0,,1,宕
03-31,3,31,723,106,no,no,0,,8,7,章; 彰; 樟; 獐; 璋; 鄣; 障,2,2,章; 獐,7,章; 彰; 樟; 獐; 璋; 鄣; 障
03-32,3,32,725,106,no,no,0,,30,25,尚; 攩; 曭; 矘; 裳; 螳; 常; 鏜; 嘗; 瞠,19,17,尚; 攩; 裳; 常; 鏜; 嘗; 瞠; 掌; 惝; 敞,25,尚; 攩; 曭; 矘; 裳; 螳; 常; 鏜; 嘗; 瞠
03-33,3,33,726,107,no,no,0,,2,1,上,3,1,上,1,上
03-34,3,34,724,107,no,no,0,,7,6,昌; 倡; 唱; 猖; 菖; 閶,2,2,倡; 唱,6,昌; 倡; 唱; 猖; 菖; 閶
03-35,3,35,721,107,no,no,0,,14,10,長; 萇; 帳; 張; 粻; 餦; 倀; 悵; 韔; 棖,5,4,長; 帳; 張; 悵,10,長; 萇; 帳; 張; 粻; 餦; 倀; 悵; 韔; 棖
03-36,3,36,722,107,no,no,0,,3,2,丈; 杖,1,1,丈,2,丈; 杖
03-37,3,37,719,107,no,no,0,,1,1,鬯,1,1,鬯,1,鬯
03-38,3,38,720,107,no,no,0,,32,27,昜; 餳; 陽; 愓; 碭; 禓; 暘; 𥛙; 煬; 𥏫,19,16,昜; 餳; 陽; 愓; 碭; 揚; 傷; 觴; 颺; 蕩,27,昜; 餳; 陽; 愓; 碭; 禓; 暘; 𥛙; 煬; 𥏫
03-39,3,39,732,108,no,no,0,,17,14,羊; 佯; 徉; 恙; 洋; 痒; 養; 羕; 庠; 祥,12,10,羊; 洋; 痒; 養; 羕; 庠; 祥; 翔; 詳; 癢,14,羊; 佯; 徉; 恙; 洋; 痒; 養; 羕; 庠; 祥
03-40,3,40,734,109,no,no,0,,2,2,商; 𧶜,3,1,商,2,商; 𧶜
03-41,3,41,728,109,no,no,0,,3,3,象; 像; 橡,1,1,象,3,象; 像; 橡
03-42,3,42,730,109,no,no,0,,17,12,襄; 纕; 饟; 壤; 攘; 瀼; 禳; 穰; 讓; 釀,13,8,襄; 纕; 饟; 壤; 攘; 讓; 曩; 囊,12,襄; 纕; 饟; 壤; 攘; 瀼; 禳; 穰; 讓; 釀
03-43,3,43,735,109,no,no,0,,18,15,良; 粮; 俍; 埌; 朗; 桹; 浪; 狼; 琅; 稂,10,9,良; 俍; 朗; 浪; 狼; 琅; 稂; 郎; 廊,15,良; 粮; 俍; 埌; 朗; 桹; 浪; 狼; 琅; 稂
03-44,3,44,736,110,no,no,0,,4,3,兩; 輛; 蜽,1,1,兩,3,兩; 輛; 蜽
03-45,3,45,737,110,no,no,0,,3,2,量; 糧,3,2,量; 糧,2,量; 糧
03-46,3,46,738,110,no,no,0,,2,2,梁; 粱,1,1,梁,2,梁; 粱
03-47,3,47,702,110,no,no,0,,1,1,葬,1,1,葬,1,葬
03-48,3,48,703,110,no,no,0,,18,13,倉; 凔; 滄; 蒼; 鶬; 搶; 瑲; 槍; 蹌; 牄,7,5,倉; 凔; 蒼; 創; 瘡,13,倉; 凔; 滄; 蒼; 鶬; 搶; 瑲; 槍; 蹌; 牄
03-49,3,49,727,111,no,no,0,,28,24,爿; 䵼; 斨; 將; 臧; 戕; 藏; 贓; 裝; 牆,14,12,將; 臧; 藏; 贓; 壯; 妝; 莊; 牀; 狀; 奬,24,爿; 䵼; 斨; 將; 臧; 戕; 藏; 贓; 裝; 牆
03-50,3,50,727m,111,no,no,0,,1,1,廧,0,0,,1,廧
03-52,3,52,729,111,no,no,0,,1,1,匠,1,1,匠,1,匠
03-54,3,54,705,112,no,no,0,,2,1,喪,2,1,喪,1,喪
03-55,3,55,731,112,no,no,0,,7,6,相; 想; 湘; 箱; 霜; 孀,4,3,相; 想; 霜,6,相; 想; 湘; 箱; 霜; 孀
03-56,3,56,733,112,no,no,0,,1,1,𡙁,0,0,,1,𡙁
03-57,3,57,740,112,no,no,0,,41,32,方; 埅; 魴; 雱; 汸; 彷; 旁; 舫; 放; 昉,29,24,方; 魴; 雱; 彷; 旁; 舫; 放; 昉; 祊; 枋,32,方; 埅; 魴; 雱; 汸; 彷; 旁; 舫; 放; 昉
03-58,3,58,741,113,no,no,0,,1,1,匚,1,1,匚,1,匚
03-59,3,59,750,113,no,no,0,,4,2,彭; 𥛱,1,1,彭,2,彭; 𥛱
03-60,3,60,751,113,no,no,0,,1,1,烹,1,1,烹,1,烹
03-61,3,61,757,113,no,no,0,,7,6,丙; 怲; 柄; 炳; 邴; 病,4,4,丙; 柄; 邴; 病,6,丙; 怲; 柄; 炳; 邴; 病
03-62,3,62,758,114,no,no,0,,2,2,秉; 棅,2,2,秉; 棅,2,秉; 棅
03-63,3,63,759,114,no,no,0,,1,1,兵,1,1,兵,1,兵
03-64,3,64,709,114,no,no,0,,1,1,莽,0,0,,1,莽
03-65,3,65,742,114,no,no,0,,31,25,亡; 網; 惘; 鋩; 茫; 荒; 詤; 妄; 慌; 㡃,22,18,亡; 網; 惘; 鋩; 荒; 詤; 妄; 慌; 忘; 芒,25,亡; 網; 惘; 鋩; 茫; 荒; 詤; 妄; 慌; 㡃
03-66,3,66,743,115,no,no,0,,3,3,𦣠; 朢; 𧭅,0,0,,3,𦣠; 朢; 𧭅
03-67,3,67,744,115,no,no,0,,2,2,网; 蛧,1,1,网,2,网; 蛧
03-68,3,68,760,115,no,no,0,,3,3,明; 盟; 萌,2,2,明; 盟,3,明; 盟; 萌
03-69,3,69,761,115,no,no,0,,3,3,皿; 孟; 猛,2,1,孟,3,皿; 孟; 猛
04-01,4,1,936,117,no,no,0,,1,1,改,1,1,改,1,改
04-02,4,2,937,117,no,no,0,,25,21,亥; 核; 咳; 孩; 㤥; 侅; 垓; 姟; 晐; 絯,9,8,亥; 咳; 孩; 該; 欬; 刻; 劾; 骸,21,亥; 核; 咳; 孩; 㤥; 侅; 垓; 姟; 晐; 絯
04-03,4,3,990,117,no,no,0,,6,5,戒; 誡; 械; 駴; 裓,3,3,戒; 誡; 械,5,戒; 誡; 械; 駴; 裓
04-04,4,4,952,117,no,no,0,,28,23,其; 騏; 麒; 惎; 諅; 璂; 箕; 僛; 基; 朞,13,10,其; 丌; 騏; 箕; 基; 期; 欺; 棋; 旗; 綦,24,其; 騏; 麒; 惎; 諅; 璂; 箕; 僛; 基; 朞
04-05,4,5,953,118,no,no,0,,13,12,己; 妀; 紀; 記; 屺; 杞; 芑; 起; 忌; 誋,6,5,己; 紀; 記; 起; 忌,12,己; 妀; 紀; 記; 屺; 杞; 芑; 起; 忌; 誋
04-06,4,6,985,118,no,no,0,,2,1,龜,2,1,龜,1,龜
04-07,4,7,986,118,no,no,0,,1,1,簋,1,1,簋,1,簋
04-08,4,8,987,119,no,no,0,,3,3,𣪘; 匓; 廄,1,1,廄,3,𣪘; 匓; 廄
04-09,4,9,988,119,no,no,0,,3,2,頯; 頮,1,1,頯,2,頯; 頮
04-10,4,10,989,119,no,no,0,,1,1,逵,0,0,,1,逵
04-11,4,11,991,119,no,no,0,,1,1,怪,0,0,,1,怪
04-12,4,12,992,119,no,no,0,,17,17,九; 頄; 宄; 氿; 軌; 匭; 馗; 鳩; 究; 仇,5,5,九; 頄; 軌; 鳩; 仇,17,九; 頄; 宄; 氿; 軌; 匭; 馗; 鳩; 究; 仇
04-13,4,13,993,120,no,no,0,,8,7,久; 灸; 玖; 疚; 㝌; 羑; 柩,4,4,久; 灸; 㝌; 柩,7,久; 灸; 玖; 疚; 㝌; 羑; 柩
04-14,4,14,994,120,no,no,0,,2,2,丘; 蚯,2,2,丘; 蚯,2,丘; 蚯
04-15,4,15,1066,120,no,no,0,,11,11,求; 裘; 球; 捄; 絿; 觩; 賕; 逑; 銶; 救,5,5,求; 裘; 球; 逑; 救,11,求; 裘; 球; 捄; 絿; 觩; 賕; 逑; 銶; 救
04-16,4,16,1067,120,no,no,0,,4,4,臼; 舅; 舊; 匶,3,3,臼; 舅; 舊,4,臼; 舅; 舊; 匶
04-17,4,17,995,120,no,no,0,,17,14,又; 郁; 友; 右; 佑; 祐; 醢; 有; 侑; 宥,11,9,又; 郁; 友; 右; 佑; 祐; 有; 囿; 賄,14,又; 郁; 友; 右; 佑; 祐; 醢; 有; 侑; 宥
04-18,4,18,996,121,no,no,0,,4,4,尤; 訧; 疣; 肬,2,2,尤; 訧,4,尤; 訧; 疣; 肬
04-19,4,19,997,121,no,no,0,,1,1,郵,0,0,,1,郵
04-20,4,20,950,121,no,no,0,,4,3,灰; 恢; 脄,0,0,,3,灰; 恢; 脄
04-21,4,21,955,121,no,no,0,,10,10,喜; 憘; 嘻; 譆; 嬉; 暿; 熺; 熹; 糦; 饎,2,2,喜; 熹,10,喜; 憘; 嘻; 譆; 嬉; 暿; 熺; 熹; 糦; 饎
04-22,4,22,958,121,no,no,0,,1,1,醫,0,0,,1,醫
04-23,4,23,956,122,no,no,0,,11,8,疑; 儗; 嶷; 擬; 薿; 觺; 礙; 凝,3,3,疑; 擬; 凝,8,疑; 儗; 嶷; 擬; 薿; 觺; 礙; 凝
04-24,4,24,998,122,no,no,0,,1,1,牛,1,1,牛,1,牛
04-25,4,25,939,122,no,no,0,,1,1,臺,1,1,臺,1,臺
04-26,4,26,961,122,no,no,0,,26,25,止; 旹; 詩; 邿; 趾; 待; 沚; 特; 等; 芷,13,13,止; 詩; 趾; 待; 特; 等; 祉; 齒; 寺; 持,25,止; 旹; 詩; 邿; 趾; 待; 沚; 特; 等; 芷
04-27,4,27,962,123,no,no,0,,5,5,之; 芝; 蚩; 志; 誌,4,3,之; 志; 誌,5,之; 芝; 蚩; 志; 誌
04-28,4,28,963,123,no,no,0,,1,1,市,1,1,市,1,市
04-29,4,29,961,123,no,no,0,,26,25,止; 旹; 詩; 邿; 趾; 待; 沚; 特; 等; 芷,13,13,止; 詩; 趾; 待; 特; 等; 祉; 齒; 寺; 持,25,止; 旹; 詩; 邿; 趾; 待; 沚; 特; 等; 芷
04-30,4,30,976,123,no,no,0,,40,33,㠯; 眙; 以; 笞; 鈶; 枲; 始; 苢; 苡; 似,19,17,㠯; 以; 鈶; 枲; 始; 似; 胎; 耜; 矣; 殆,33,㠯; 眙; 以; 笞; 鈶; 枲; 始; 苢; 苡; 似
04-31,4,31,977,124,no,no,0,,2,2,已; 异,2,2,已; 异,2,已; 异
04-32,4,32,967,124,no,no,0,,4,4,巳; 祀; 汜; 戺,2,2,巳; 祀,4,巳; 祀; 汜; 戺
04-33,4,33,968,124,no,no,0,,2,1,辭,1,1,辭,1,辭
04-34,4,34,960,124,no,no,0,,7,6,頤; 巸; 姬; 茝; 熙; 𩟄,4,4,𦣞; 姬; 茝; 熙,7,頤; 巸; 姬; 茝; 熙; 𩟄; 𦣞
04-35,4,35,978,125,no,no,0,,9,9,里; 梩; 理; 裏; 貍; 狸; 鯉; 埋; 霾,9,8,里; 理; 裏; 貍; 鯉; 埋; 薶; 霾,10,里; 梩; 理; 裏; 貍; 狸; 鯉; 埋; 霾; 薶
04-36,4,36,979,125,no,no,0,,7,7,𠭰; 嫠; 孷; 氂; 犛; 斄; 釐,0,0,,7,𠭰; 嫠; 孷; 氂; 犛; 斄; 釐
04-37,4,37,980,125,no,no,0,,1,1,李,1,1,李,1,李
04-38,4,38,945,125,no,no,0,,7,7,乃; 鼐; 仍; 扔; 艿; 芿; 孕,3,3,乃; 仍; 孕,7,乃; 鼐; 仍; 扔; 艿; 芿; 孕
04-39,4,39,946,125,no,no,0,,1,1,迺,0,0,,1,迺
04-40,4,40,981; 959,125,no,no,0,,11,9,耳; 刵; 珥; 衈; 佴; 咡; 餌; 眲; 恥,4,3,耳; 餌; 恥,9,耳; 刵; 珥; 衈; 佴; 咡; 餌; 眲; 恥
04-41,4,41,982,126,no,no,0,,11,9,而; 栭; 聏; 胹; 鴯; 鮞; 耐; 𨼏; 陾,2,2,而; 耐,9,而; 栭; 聏; 胹; 鴯; 鮞; 耐; 𨼏; 陾
04-42,4,42,940,126,no,no,0,,2,2,災; 灾,2,2,災; 灾,2,災; 灾
04-43,4,43,941,126,no,no,0,,1,1,再,1,1,再,1,再
04-44,4,44,942,126,no,no,0,,4,4,彩; 采; 採; 菜,5,4,采; 彩; 採; 菜,4,彩; 采; 採; 菜
04-45,4,45,943,126,no,no,0,,19,16,才; 載; 裁; 胾; 戴; 材; 財; 在; 𢦒; 𢦏,17,13,才; 載; 裁; 戴; 材; 財; 在; 𢦒; 𢦏; 豺,16,才; 載; 裁; 胾; 戴; 材; 財; 在; 𢦒; 𢦏
04-47,4,47,964,127,no,no,0,,7,6,子; 𢀇; 仔; 孜; 耔; 字,3,2,子; 字,6,子; 𢀇; 仔; 孜; 耔; 字
04-48,4,48,965,127,no,no,0,,2,2,梓; 宰,1,1,梓,2,梓; 宰
04-49,4,49,966,127,no,no,0,,7,7,玆; 茲; 嗞; 滋; 鎡; 慈; 孳,2,2,滋; 慈,7,玆; 茲; 嗞; 滋; 鎡; 慈; 孳
04-50,4,50,969,127,no,no,0,,8,7,甾; 葘; 菑; 輺; 輜; 鍿; 錙,1,1,緇,8,甾; 葘; 菑; 輺; 輜; 鍿; 錙; 緇
04-51,4,51,970,128,no,no,0,,2,2,士; 仕,2,2,士; 仕,2,士; 仕
04-52,4,52,975; 971,128,no,no,0,,7,6,史; 吏; 𣬔; 使; 事; 剚,5,4,史; 吏; 使; 事,6,史; 吏; 𣬔; 使; 事; 剚
04-53,4,53,972,128,no,no,0,,7,6,司; 伺; 笥; 祠; 詞; 嗣,5,5,飼; 司; 祠; 詞; 嗣,7,司; 伺; 笥; 祠; 詞; 嗣; 飼
04-54,4,54,973,128,no,no,0,,8,6,思; 緦; 葸; 諰; 颸; 偲,1,1,思,6,思; 緦; 葸; 諰; 颸; 偲
04-55,4,55,974,129,no,no,0,,1,1,絲,1,1,絲,1,絲
04-56,4,56,951,129,no,no,0,,2,2,佩; 珮,1,1,佩,2,佩; 珮
04-57,4,57,983,129,no,no,0,,2,2,啚; 鄙,1,1,鄙,2,啚; 鄙
04-58,4,58,1237a',129,no,no,0,,0,0,,0,0,,0,
04-59,4,59,1237r,129,no,no,0,,2,1,奰,0,0,,1,奰
04-61,4,61,999,129,no,no,0,,35,26,不; 培; 倍; 掊; 否; 踣; 鞛; 紑; 蔀; 罘,6,6,不; 倍; 否; 丕; 杯; 部,26,不; 培; 倍; 掊; 否; 踣; 鞛; 紑; 蔀; 罘
04-62,4,62,1000,130,no,no,0,,3,3,負; 偩; 萯,1,1,負,3,負; 偩; 萯
04-63,4,63,1001,130,no,no,0,,1,1,婦,1,1,婦,1,婦
04-64,4,64,947,130,no,yes,1,毋,20,15,母; 姆; 拇; 坶; 每; 梅; 脢; 鋂; 畮; 痗,9,9,母; 姆; 每; 梅; 畮; 悔; 晦; 誨; 海,15,母; 姆; 拇; 坶; 每; 梅; 脢; 鋂; 畮; 痗
04-65,4,65,948,131,no,no,0,,5,5,某; 媒; 煤; 禖; 謀,3,3,某; 媒; 謀,5,某; 媒; 煤; 禖; 謀
04-66,4,66,949,131,no,no,0,,1,1,畝,1,1,畝,1,畝
05-01,5,1,903,132,no,no,0,,3,3,克; 尅; 剋,1,1,克,3,克; 尅; 剋
05-02,5,2,931,132,no,no,0,,2,2,革; 愅,2,1,革,2,革; 愅
05-03,5,3,1260a,132,no,no,0,,1,1,覈,1,1,覈,1,覈
05-04,5,4,910,132,no,no,0,,5,4,亟; 㥛; 殛; 極,2,2,亟; 極,4,亟; 㥛; 殛; 極
05-05,5,5,911,132,no,no,0,,2,2,棘; 襋,1,1,棘,2,棘; 襋
05-06,5,6,929,132,no,no,0,,20,16,或; 域; 棫; 罭; 閾; 淢; 窢; 緎; 國; 惑,8,7,或; 域; 淢; 國; 惑; 馘; 彧,16,或; 域; 棫; 罭; 閾; 淢; 窢; 緎; 國; 惑
05-07,5,7,930,133,no,no,0,,5,3,洫; 侐; 殈,1,1,洫,3,洫; 侐; 殈
05-08,5,8,914,133,no,no,0,,1,1,衋,0,0,,1,衋
05-09,5,9,915,133,no,no,0,,1,1,抑,1,1,抑,1,抑
05-10,5,10,957,133,no,no,0,,11,9,意; 噫; 鷾; 醷; 億; 憶; 檍; 繶; 臆,4,4,意; 億; 憶; 臆,9,意; 噫; 鷾; 醷; 億; 憶; 檍; 繶; 臆
05-11,5,11,905,133,no,no,0,,1,1,得,1,1,得,1,得
05-12,5,12,919,133,no,no,0,,12,9,直; 稙; 埴; 殖; 植; 犆; 置; 值; 德,12,9,直; 稙; 埴; 殖; 植; 犆; 置; 值; 德,9,直; 稙; 埴; 殖; 植; 犆; 置; 值; 德
05-13,5,13,920,134,no,no,0,,12,8,戠; 樴; 織; 職; 膱; 幟; 識; 熾,7,6,戠; 樴; 織; 職; 識; 熾,8,戠; 樴; 織; 職; 膱; 幟; 識; 熾
05-14,5,14,916,134,no,no,0,,1,1,陟,1,1,陟,1,陟
05-15,5,15,917,134,no,no,0,,2,2,敕; 勅,1,1,勅,2,敕; 勅
05-16,5,16,918,134,no,no,0,,17,16,弋; 㚤; 杙; 式; 忒; 貣; 代; 拭; 軾; 侙,10,9,袋; 弋; 式; 忒; 代; 拭; 試; 弒; 貸,17,弋; 㚤; 杙; 式; 忒; 貣; 代; 拭; 軾; 侙
05-17,5,17,954,135,no,no,0,,6,5,異; 翼; 廙; 趩; 瀷,2,2,異; 翼,5,異; 翼; 廙; 趩; 瀷
05-18,5,18,912,135,no,no,0,,2,2,翊; 翌,3,2,翊; 翌,2,翊; 翌
05-19,5,19,921,135,no,no,0,,6,5,食; 蝕; 飤; 飭; 飾,5,4,食; 蝕; 飤; 飾,5,食; 蝕; 飤; 飭; 飾
05-20,5,20,913,135,no,no,0,,2,2,奭; 襫,3,2,奭; 襫,2,奭; 襫
05-21,5,21,928,135,no,no,0,,7,6,力; 仂; 扐; 阞; 勒; 泐,3,2,力; 勒,6,力; 仂; 扐; 阞; 勒; 泐
05-23,5,23,907,136,no,no,0,,1,1,賊,1,1,賊,1,賊
05-24,5,24,906,136,no,no,0,,5,5,則; 側; 惻; 測; 廁,5,4,則; 側; 測; 廁,5,則; 側; 惻; 測; 廁
05-25,5,25,922,136,no,no,0,,4,3,畟; 稷; 謖,1,1,稷,3,畟; 稷; 謖
05-26,5,26,923,136,no,no,0,,5,4,即; 蝍; 堲; 䳭,2,2,即; 堲,4,即; 蝍; 堲; 䳭
05-27,5,27,924,136,no,no,0,,4,4,夨; 仄; 𣅔; 昃,6,6,夨; 𠨮; 仄; 𣅔; 昃; 𣅛,6,夨; 仄; 𣅔; 昃; 𠨮; 𣅛
05-28,5,28,908,136,no,no,0,,3,2,塞; 㥶,3,1,塞,2,塞; 㥶
05-29,5,29,925,136,no,no,0,,2,2,息; 熄,2,2,息; 熄,2,息; 熄
05-30,5,30,926,137,no,no,0,,2,2,嗇; 穡,2,2,嗇; 穡,2,嗇; 穡
05-31,5,31,927,137,no,no,0,,1,1,色,1,1,色,1,色
05-32,5,32,909,137,no,no,0,,4,3,北; 背; 偝,4,3,北; 背; 偝,3,北; 背; 偝
05-33,5,33,933,137,no,no,0,,17,12,畐; 福; 葍; 輻; 幅; 楅; 匐; 偪; 湢; 逼,14,10,畐; 福; 輻; 幅; 匐; 偪; 逼; 𠠦; 富; 副,13,畐; 福; 葍; 輻; 幅; 楅; 匐; 偪; 湢; 逼
05-34,5,34,984,138,no,no,0,,3,3,備; 犕; 憊,1,1,備,3,備; 犕; 憊
05-35,5,35,934,138,no,no,0,,5,3,𠬝; 服; 箙,6,3,𠬝; 服; 箙,3,𠬝; 服; 箙
05-36,5,36,935,138,no,no,0,,2,1,伏,2,1,伏,1,伏
05-37,5,37,1062,138,no,no,0,,4,3,冒; 媢; 瑁,4,3,帽; 冒; 媢,4,冒; 媢; 瑁; 帽
05-38,5,38,904,138,no,no,0,,5,5,黑; 墨; 默; 嘿; 纆,2,2,黑; 墨,5,黑; 墨; 默; 嘿; 纆
05-39,5,39,1037,138,no,no,0,,1,1,牧,1,1,牧,1,牧
06-01,6,1,881,139,no,no,0,,5,5,亙; 恆; 絚; 緪; 𡍷,1,1,恆,5,亙; 恆; 絚; 緪; 𡍷
06-02,6,2,882,139,no,no,0,,2,2,肎; 肯,0,0,,2,肎; 肯
06-03,6,3,888,139,no,no,0,,2,1,兢,1,1,兢,1,兢
06-04,6,4,901,139,no,no,0,,2,2,弓; 穹,1,1,弓,2,弓; 穹
06-05,6,5,887,139,no,no,0,,10,9,厷; 肱; 弘; 宏; 竑; 紘; 閎; 雄; 鞃,4,4,𠃋; 肱; 弘; 雄,10,厷; 肱; 弘; 宏; 竑; 紘; 閎; 雄; 鞃; 𠃋
06-06,6,6,889,140,no,no,0,,2,1,興,1,1,興,1,興
06-09,6,9,883,140,no,no,0,,8,8,豋; 登; 鐙; 燈; 隥; 鄧; 澄; 證,8,7,撜; 登; 豋; 鐙; 燈; 澄; 證,9,豋; 登; 鐙; 燈; 隥; 鄧; 澄; 證; 撜
06-10,6,10,896,140,no,no,0,,8,8,氶; 承; 㞼; 丞; 烝; 拯; 脀; 蒸,6,6,承; 丞; 烝; 拯; 脀; 蒸,8,氶; 承; 㞼; 丞; 烝; 拯; 脀; 蒸
06-11,6,11,891,140,no,no,0,,4,2,徵; 懲,2,2,徵; 懲,2,徵; 懲
06-12,6,12,894,140,no,no,0,,4,3,爯; 偁; 稱,2,1,稱,3,爯; 偁; 稱
06-13,6,13,893,141,no,no,0,,15,12,灷; 㑞; 朕; 栚; 媵; 賸; 塍; 勝; 滕; 縢,5,4,朕; 塍; 勝; 騰,12,灷; 㑞; 朕; 栚; 媵; 賸; 塍; 勝; 滕; 縢
06-14,6,14,945j,141,no,no,0,,1,1,孕,1,1,孕,1,孕
06-15,6,15,895,141,no,no,0,,2,1,乘,4,2,剩; 乘,2,乘; 剩
06-16,6,16,897,141,no,no,0,,5,4,升; 昇; 陞; 抍,4,3,升; 陞; 抍,4,升; 昇; 陞; 抍
06-17,6,17,898,141,no,no,0,,7,7,夌; 陵; 淩; 凌; 菱; 鯪; 蔆,4,3,夌; 陵; 凌,7,夌; 陵; 淩; 凌; 菱; 鯪; 蔆
06-18,6,18,885,141,no,no,0,,3,2,能; 態,4,2,能; 態,2,能; 態
06-19,6,19,884,142,no,no,0,,12,10,曾; 增; 憎; 橧; 罾; 矰; 繒; 層; 贈; 甑,6,5,曾; 憎; 層; 贈; 甑,10,曾; 增; 憎; 橧; 罾; 矰; 繒; 層; 贈; 甑
06-20,6,20,886,142,no,no,0,,9,9,朋; 倗; 傰; 鵬; 堋; 塴; 崩; 掤; 繃,4,4,棚; 朋; 堋; 崩,10,朋; 倗; 傰; 鵬; 堋; 塴; 崩; 掤; 繃; 棚
06-21,6,21,899,142,no,no,0,,5,4,冫; 冰; 馮; 憑,5,4,冫; 冰; 馮; 憑,4,冫; 冰; 馮; 憑
06-22,6,22,900,142,no,no,0,,2,1,凭,0,0,,1,凭
06-23,6,23,902,142,no,no,0,,9,6,夢; 㝱; 瞢; 甍; 蘉; 薨,2,2,夢; 薨,6,夢; 㝱; 瞢; 甍; 蘉; 薨
06-24,6,24,892; 1252d,143,no,no,0,,4,3,蠅; 繩; 黽,4,3,蠅; 繩; 黽,3,蠅; 繩; 黽
07-02,7,2,1241b,145,no,no,0,,1,1,繼,0,0,,1,繼
07-03,7,3,864,145,no,no,0,,15,13,支; 枝; 肢; 忮; 翅; 𢺵; 跂; 岐; 歧; 伎,8,7,支; 枝; 肢; 翅; 歧; 伎; 技,13,支; 枝; 肢; 忮; 翅; 𢺵; 跂; 岐; 歧; 伎
07-04,7,4,862,146,no,no,0,,2,1,企,0,0,,1,企
07-05,7,5,865,146,no,no,0,,6,5,只; 胑; 軹; 咫; 枳,2,2,胑; 咫,5,只; 胑; 軹; 咫; 枳
07-06,7,6,867,146,no,no,0,,9,8,氏; 坁; 扺; 舐; 疧; 疷; 祇; 軝,4,4,紙; 氏; 舐; 祇,9,氏; 坁; 扺; 舐; 疧; 疷; 祇; 軝; 紙
07-07,7,7,861,146,no,no,0,,7,5,解; 懈; 繲; 蟹; 邂,5,3,解; 蟹; 邂,5,解; 懈; 繲; 蟹; 邂
07-08,7,8,879,147,no,no,0,,34,26,圭; 睚; 窪; 珪; 桂; 閨; 窐; 鮭; 刲; 奎,15,12,鞋; 圭; 佳; 街; 厓; 崖; 涯; 卦; 挂; 絓,27,圭; 睚; 窪; 珪; 桂; 閨; 窐; 鮭; 刲; 奎
07-09,7,9,880,147,no,no,0,,8,6,巂; 𢥘; 攜; 蠵; 觿; 鑴,0,0,,6,巂; 𢥘; 攜; 蠵; 觿; 鑴
07-10,7,10,875,148,no,no,0,,4,4,規; 瞡; 窺; 闚,2,2,規; 窺,4,規; 瞡; 窺; 闚
07-11,7,11,873,148,no,no,0,,18,13,兒; 唲; 倪; 掜; 睨; 輗; 郳; 鯢; 霓; 蜺,3,3,兒; 麑; 鬩,13,兒; 唲; 倪; 掜; 睨; 輗; 郳; 鯢; 霓; 蜺
07-12,7,12,877,148,no,no,0,,24,17,帝; 揥; 諦; 啼; 蹄; 禘; 締; 啻; 嫡; 鏑,12,8,帝; 啼; 嫡; 蹢; 摘; 敵; 謫; 適,17,帝; 揥; 諦; 啼; 蹄; 禘; 締; 啻; 嫡; 鏑
07-13,7,13,863,149,no,no,0,,4,4,知; 智; 蜘; 踟,2,2,知; 踟,4,知; 智; 蜘; 踟
07-14,7,14,866,149,no,no,0,,30,18,是; 諟; 禔; 翨; 隄; 鞮; 醍; 緹; 堤; 媞,2,2,是; 提,18,是; 諟; 禔; 翨; 隄; 鞮; 醍; 緹; 堤; 媞
07-15,7,15,1238d,150,no,no,0,,1,1,卮,0,0,,1,卮
07-16,7,16,1238b,150,no,no,0,,1,1,豸,1,1,豸,1,豸
07-18,7,18,1238e,150,no,no,0,,1,1,咶,0,0,,1,咶
07-19,7,19,1238f,150,no,no,0,,1,1,豕,1,1,豕,1,豕
07-20,7,20,359,150,no,no,0,,15,11,爾; 邇; 嬭; 濔; 禰; 薾; 璽; 𤣔; 獮; 彌,9,6,爾; 璽; 𤣔; 獮; 彌; 瀰,11,爾; 邇; 嬭; 濔; 禰; 薾; 璽; 𤣔; 獮; 彌
07-21,7,21,878,151,no,no,0,,14,9,麗; 儷; 攦; 欐; 驪; 纚; 釃; 灑; 躧,3,2,麗; 灑,9,麗; 儷; 攦; 欐; 驪; 纚; 釃; 灑; 躧
07-22,7,22,1241o; 1241p; 1241q,151,no,no,0,,7,3,蠡; 劙; 攭,0,0,,3,蠡; 劙; 攭
07-23,7,23,1241r,151,no,no,0,,2,1,荔,0,0,,1,荔
07-24,7,24,872,151,no,no,0,,1,1,詈,1,1,詈,1,詈
07-25,7,25,358,151,no,no,0,,33,22,此; 佌; 庛; 跐; 雌; 䳄; 泚; 玼; 紫; 訾,4,4,此; 泚; 祡; 柴,22,此; 佌; 庛; 跐; 雌; 䳄; 泚; 玼; 紫; 訾
07-26,7,26,869,152,no,no,0,,6,5,斯; 凘; 廝; 嘶; 撕,2,1,斯,5,斯; 凘; 廝; 嘶; 撕
07-27,7,27,870,152,no,no,0,,8,5,虒; 褫; 篪; 嗁; 遞,4,4,虒; 篪; 嗁; 遞,5,虒; 褫; 篪; 嗁; 遞
07-28,7,28,871,152,no,no,0,,5,5,徙; 𢓊; 蓰; 屣; 縰,1,1,徙,5,徙; 𢓊; 蓰; 屣; 縰
07-29,7,29,874,152,no,no,0,,29,20,卑; 俾; 碑; 裨; 髀; 綼; 脾; 陴; 埤; 婢,6,6,卑; 碑; 婢; 庳; 鼙; 稗,20,卑; 俾; 碑; 裨; 髀; 綼; 脾; 陴; 埤; 婢
07-31,7,31,360,153,no,no,0,,3,3,弭; 渳; 麛,0,0,,3,弭; 渳; 麛
07-33,7,33,1240c,153,no,no,0,,1,1,買,1,1,買,1,買
08-01,8,1,854,154,no,no,0,,5,4,毄; 擊; 轚; 繫,3,2,擊; 繫,4,毄; 擊; 轚; 繫
08-02,8,2,855,154,no,no,0,,7,6,鬲; 搹; 膈; 隔; 翮; 鷊,3,2,鬲; 隔,6,鬲; 搹; 膈; 隔; 翮; 鷊
08-03,8,3,1260d,155,no,no,0,,1,1,覡,0,0,,1,覡
08-04,8,4,844,155,no,no,0,,9,7,戹; 厄; 軶; 軛; 扼; 阸; 阨,2,2,厄; 軛,7,戹; 厄; 軶; 軛; 扼; 阸; 阨
08-05,8,5,849,155,no,no,0,,9,7,益; 嗌; 膉; 搤; 鷁; 縊; 隘,6,5,益; 嗌; 膉; 縊; 隘,7,益; 嗌; 膉; 搤; 鷁; 縊; 隘
08-07,8,7,1260f,155,no,no,0,,2,1,砉,0,0,,1,砉
08-08,8,8,851,155,no,no,0,,3,3,役; 垼; 疫,2,2,役; 疫,3,役; 垼; 疫
08-09,8,9,847,155,no,no,0,,4,2,畫; 繣,2,1,畫,2,畫; 繣
08-10,8,10,856,156,no,no,0,,4,4,狄; 荻; 悐; 逖,1,1,狄,4,狄; 荻; 悐; 逖
08-11,8,11,1260c,156,no,no,0,,1,1,隻,1,1,隻,1,隻
08-12,8,12,850,156,no,no,0,,18,12,易; 蜴; 埸; 剔; 惕; 逷; 緆; 裼; 錫; 睗,9,7,舓; 易; 蜴; 剔; 惕; 錫; 賜,13,易; 蜴; 埸; 剔; 惕; 逷; 緆; 裼; 錫; 睗
08-13,8,13,858,156,no,no,0,,5,5,秝; 厤; 歷; 曆; 磿,1,1,歷,5,秝; 厤; 歷; 曆; 磿
08-14,8,14,868,157,no,no,0,,21,17,朿; 刺; 茦; 𧧒; 𨒪; 𧻕; 策; 責; 嘖; 幘,13,9,債; 朿; 刺; 𨒪; 策; 責; 積; 蹟; 績,18,朿; 刺; 茦; 𧧒; 𨒪; 𧻕; 策; 責; 嘖; 幘
08-15,8,15,845,157,no,no,0,,2,2,册; 栅,2,2,册; 栅,2,册; 栅
08-16,8,16,846,157,no,no,0,,1,1,筴,0,0,,1,筴
08-17,8,17,852,157,no,no,0,,5,4,脊; 蹐; 瘠; 膌,1,1,脊,4,脊; 蹐; 瘠; 膌
08-18,8,18,857,158,no,no,0,,4,4,析; 晳; 皙; 淅,2,2,析; 晳,4,析; 晳; 皙; 淅
08-19,8,19,853,158,no,no,0,,20,17,辟; 璧; 躃; 躄; 僻; 擗; 闢; 壁; 澼; 甓,11,10,辟; 璧; 僻; 擗; 壁; 幦; 臂; 譬; 避; 嬖,17,辟; 璧; 躃; 躄; 僻; 擗; 闢; 壁; 澼; 甓
08-21,8,21,859,158,no,no,0,,1,1,鼏,0,0,,1,鼏
08-22,8,22,1260e,158,no,no,0,,1,1,簚,1,1,簚,1,簚
08-24,8,24,848,159,no,no,0,,5,4,脈; 脉; 霢; 覛,2,2,脈; 脉,4,脈; 脉; 霢; 覛
09-01,9,1,831,160,no,no,0,,23,19,巠; 經; 剄; 徑; 涇; 逕; 𥥻; 脛; 陘; 勁,15,13,巠; 經; 剄; 徑; 𥥻; 脛; 陘; 勁; 頸; 輕,19,巠; 經; 剄; 徑; 涇; 逕; 𥥻; 脛; 陘; 勁
09-02,9,2,832; 822,161,no,no,0,,6,6,殸; 磬; 罄; 謦; 馨; 聲,6,6,殸; 磬; 罄; 謦; 馨; 聲,6,殸; 磬; 罄; 謦; 馨; 聲
09-03,9,3,813,161,no,no,0,,13,7,敬; 驚; 儆; 憼; 警; 擎; 檠,3,3,敬; 驚; 警,7,敬; 驚; 儆; 憼; 警; 擎; 檠
09-04,9,4,808,161,no,no,0,,8,8,耕; 刑; 形; 侀; 硎; 鉶; 鈃; 荊,6,5,耕; 刑; 形; 硎; 荊,8,耕; 刑; 形; 侀; 硎; 鉶; 鈃; 荊
09-05,9,5,810,161,no,no,0,,4,4,幸; 倖; 婞; 涬,1,1,幸,4,幸; 倖; 婞; 涬
09-06,9,6,809,161,no,no,0,,2,2,耿; 褧,2,2,耿; 褧,2,耿; 褧
09-07,9,7,828,161,no,no,0,,8,5,頃; 傾; 穎; 熲; 顈,3,3,頃; 傾; 穎,5,頃; 傾; 穎; 熲; 顈
09-08,9,8,842,162,no,no,0,,7,6,冋; 坰; 扃; 駉; 絅; 泂,1,1,扃,6,冋; 坰; 扃; 駉; 絅; 泂
09-09,9,9,843,162,no,no,0,,19,13,熒; 檾; 塋; 榮; 禜; 營; 煢; 縈; 螢; 謍,4,4,罃; 熒; 榮; 營,14,熒; 檾; 塋; 榮; 禜; 營; 煢; 縈; 螢; 謍
09-10,9,10,814,162,no,no,0,,7,7,嬰; 攖; 癭; 纓; 嚶; 鸚; 罌,4,3,嬰; 纓; 罌,7,嬰; 攖; 癭; 纓; 嚶; 鸚; 罌
09-11,9,11,833,162,no,no,0,,18,14,丁; 頂; 汀; 町; 亭; 停; 正; 征; 政; 整,13,10,丁; 汀; 町; 亭; 正; 征; 政; 整; 証; 定,14,丁; 頂; 汀; 町; 亭; 停; 正; 征; 政; 整
09-12,9,12,834,163,no,no,0,,8,6,鼎; 貞; 禎; 偵; 楨; 赬,3,2,鼎; 貞,6,鼎; 貞; 禎; 偵; 楨; 赬
09-13,9,13,363,163,no,no,0,,5,3,奠; 鄭; 躑,0,0,,3,奠; 鄭; 躑
09-14,9,14,818,164,no,no,0,,5,4,成; 城; 誠; 盛,6,4,成; 城; 誠; 盛,4,成; 城; 誠; 盛
09-15,9,15,815,164,no,no,0,,2,2,盈; 楹,1,1,楹,2,盈; 楹
09-16,9,16,816,164,no,no,0,,3,3,嬴; 瀛; 贏,1,1,贏,3,嬴; 瀛; 贏
09-17,9,17,835,164,no,no,0,,29,22,𡈼; 檉; 廷; 聽; 庭; 挺; 梃; 筳; 莛; 霆,8,7,郢; 𡈼; 聽; 呈; 程; 逞; 聖,23,𡈼; 檉; 廷; 聽; 庭; 挺; 梃; 筳; 莛; 霆
09-18,9,18,836,165,no,no,0,,5,5,霝; 𦉢; 蘦; 𧕅; 靈,1,1,靈,5,霝; 𦉢; 蘦; 𧕅; 靈
09-19,9,19,823,165,no,no,0,,17,16,令; 領; 伶; 冷; 囹; 泠; 玲; 笭; 舲; 苓,4,3,令; 領; 零,16,令; 領; 伶; 冷; 囹; 泠; 玲; 笭; 舲; 苓
09-20,9,20,837,165,no,no,0,,5,5,寧; 𡨴; 寍; 濘; 嬣,2,2,甯; 寧,6,寧; 𡨴; 寍; 濘; 嬣; 甯
09-21,9,21,820,165,no,no,0,,1,1,晶,1,1,晶,1,晶
09-22,9,22,819,165,no,no,0,,5,5,井; 丼; 妌; 穽; 阱,2,2,井; 丼,5,井; 丼; 妌; 穽; 阱
09-23,9,23,811,166,no,no,0,,4,4,爭; 崢; 淨; 竫,3,2,爭; 淨,4,爭; 崢; 淨; 竫
09-24,9,24,821,166,no,no,0,,3,3,觲; 觪; 騂,0,0,,3,觲; 觪; 騂
09-25,9,25,812,166,no,no,0,,38,29,晴; 生; 腥; 醒; 青; 牲; 蜻; 菁; 甥; 精,15,12,晴; 生; 青; 甥; 精; 清; 請; 省; 情; 姓,29,晴; 生; 腥; 醒; 青; 牲; 蜻; 菁; 甥; 精
09-26,9,26,825,167,no,no,0,,9,6,平; 苹; 萍; 伻; 怦; 砰,2,1,平,6,平; 苹; 萍; 伻; 怦; 砰
09-27,9,27,839; 817,167,no,no,0,,4,4,甹; 娉; 聘; 騁,3,3,甹; 娉; 騁,4,甹; 娉; 聘; 騁
09-28,9,28,840,167,no,no,0,,2,2,竝; 並,1,1,並,2,竝; 並
09-29,9,29,824,168,no,no,0,,23,15,并; 併; 頩; 屏; 偋; 洴; 缾; 瓶; 荓; 絣,4,3,并; 屏; 缾,15,并; 併; 頩; 屏; 偋; 洴; 缾; 瓶; 荓; 絣
09-30,9,30,841,168,no,no,0,,10,7,冥; 瞑; 溟; 螟; 塓; 幎; 𧜀,1,1,冥,7,冥; 瞑; 溟; 螟; 塓; 幎; 𧜀
09-31,9,31,826,168,no,no,0,,2,2,名; 銘,2,2,名; 銘,2,名; 銘
09-32,9,32,762,169,no,no,0,,1,1,命,1,1,命,1,命
09-33,9,33,827,169,no,no,0,,1,1,鳴,1,1,鳴,1,鳴
10-01,10,1,108,170,no,yes,26,句; 鉤; 狗; 笱; 耇; 苟; 雊; 怐; 敂; 袧,34,25,句; 呴; 姁; 鉤; 煦; 狗; 笱; 耇; 苟; 雊,8,6,句; 鉤; 狗; 苟; 訽; 絇,25,句; 呴; 姁; 鉤; 煦; 狗; 笱; 耇; 苟; 雊
10-02,10,2,109,171,no,yes,9,冓; 媾; 搆; 構; 溝; 篝; 覯; 購; 遘,9,9,冓; 媾; 搆; 構; 溝; 篝; 覯; 購; 遘,4,4,溝; 篝; 覯; 購,9,冓; 媾; 搆; 構; 溝; 篝; 覯; 購; 遘
10-03,10,3,110,171,no,yes,4,口; 叩; 扣; 釦,6,4,口; 叩; 扣; 釦,3,2,口; 叩,4,口; 叩; 扣; 釦
10-04,10,4,111,171,no,yes,1,寇,1,1,寇,1,1,寇,1,寇
10-05,10,5,112,171,no,yes,6,后; 逅; 垢; 姤; 詬; 㖃,9,6,后; 逅; 垢; 姤; 詬; 㖃,1,1,后,6,后; 逅; 垢; 姤; 詬; 㖃
10-06,10,6,113,171,no,yes,7,侯; 候; 喉; 猴; 翭; 鍭; 餱,8,7,侯; 候; 喉; 猴; 翭; 鍭; 餱,6,5,侯; 候; 喉; 猴; 鍭,7,侯; 候; 喉; 猴; 翭; 鍭; 餱
10-07,10,7,114,172,no,yes,1,厚,1,1,厚,1,1,厚,1,厚
10-08,10,8,115,172,no,yes,1,後,2,1,後,2,1,後,1,後
10-09,10,9,121,172,no,yes,3,具; 俱; 椇,3,3,具; 俱; 椇,2,2,具; 俱,3,具; 俱; 椇
10-10,10,10,122,172,no,yes,15,區; 驅; 敺; 軀; 摳; 嘔; 毆; 漚; 甌; 謳,24,15,區; 驅; 敺; 軀; 摳; 嘔; 毆; 漚; 甌; 謳,4,4,區; 驅; 嘔; 樞,15,區; 驅; 敺; 軀; 摳; 嘔; 毆; 漚; 甌; 謳
10-11,10,11,124,173,no,yes,13,禺; 寓; 嵎; 愚; 遇; 隅; 腢; 髃; 齵; 喁,20,13,禺; 寓; 嵎; 愚; 遇; 隅; 腢; 髃; 齵; 喁,5,5,寓; 遇; 隅; 偶; 耦,13,禺; 寓; 嵎; 愚; 遇; 隅; 腢; 髃; 齵; 喁
10-12,10,12,117,173,no,yes,1,兜,1,1,兜,1,1,兜,1,兜
10-13,10,13,116,173,no,yes,2,斗; 枓,3,2,斗; 枓,2,1,斗,2,斗; 枓
10-14,10,14,1246a,173,no,no,0,,1,1,𧱓,0,0,,1,𧱓
10-15,10,15,1235,174,no,no,0,,2,2,斲; 鬭,1,1,斲,2,斲; 鬭
10-16,10,16,118,174,no,yes,5,豆; 脰; 頭; 裋; 豎,5,5,豆; 脰; 頭; 裋; 豎,5,4,豆; 脰; 頭; 豎,5,豆; 脰; 頭; 裋; 豎
10-17,10,17,1234,174,no,no,0,,1,1,鬥,0,0,,1,鬥
10-18,10,18,128,174,no,yes,14,朱; 侏; 珠; 株; 蛛; 鼄; 誅; 跦; 邾; 姝,16,14,朱; 侏; 珠; 株; 蛛; 鼄; 誅; 跦; 邾; 姝,6,5,朱; 侏; 蛛; 誅; 殊,14,朱; 侏; 珠; 株; 蛛; 鼄; 誅; 跦; 邾; 姝
10-19,10,19,129,174,no,yes,9,主; 罜; 注; 註; 拄; 鉒; 住; 柱; 黈,11,9,主; 罜; 注; 註; 拄; 鉒; 住; 柱; 黈,5,5,主; 注; 拄; 住; 柱,9,主; 罜; 注; 註; 拄; 鉒; 住; 柱; 黈
10-20,10,20,1232,175,no,no,0,,1,1,馵,0,0,,1,馵
10-21,10,21,130,175,no,no,0,,2,2,殳; 投,2,2,殳; 投,2,殳; 投
10-22,10,22,127,175,no,yes,5,壴; 尌; 樹; 廚; 躕,6,5,壴; 尌; 樹; 廚; 躕,6,5,壴; 尌; 樹; 廚; 躕,5,壴; 尌; 樹; 廚; 躕
10-23,10,23,125,175,no,yes,20,俞; 喻; 愈; 愉; 榆; 渝; 瑜; 瘉; 羭; 覦,24,20,俞; 喻; 愈; 愉; 榆; 渝; 瑜; 瘉; 羭; 覦,11,11,俞; 喻; 愈; 愉; 榆; 渝; 踰; 蝓; 輸; 歈,20,俞; 喻; 愈; 愉; 榆; 渝; 瑜; 瘉; 羭; 覦
10-24,10,24,126,176,no,yes,7,臾; 庾; 斞; 楰; 腴; 諛; 斔,7,7,臾; 庾; 斞; 楰; 腴; 諛; 斔,3,3,臾; 庾; 諛,7,臾; 庾; 斞; 楰; 腴; 諛; 斔
10-25,10,25,1243b,176,no,no,0,,1,1,窳,0,0,,1,窳
10-26,10,26,1243c,176,no,no,0,,1,1,戍,1,1,戍,1,戍
10-27,10,27,120,176,no,yes,1,漏,1,1,漏,1,1,漏,1,漏
10-28,10,28,1246b,176,no,no,0,,1,1,陋,1,1,陋,1,陋
10-29,10,29,123; 1207,176,no,yes,18,婁; 僂; 膢; 摟; 蔞; 屢; 瘻; 縷; 鞻; 塿,34,20,婁; 僂; 膢; 摟; 蔞; 屢; 瘻; 縷; 鞻; 塿,9,7,婁; 屢; 縷; 鞻; 鏤; 屨; 數,20,婁; 僂; 膢; 摟; 蔞; 屢; 瘻; 縷; 鞻; 塿
10-30,10,30,133,177,no,no,0,,4,4,須; 鬚; 嬃; 盨,2,2,須; 鬚,4,須; 鬚; 嬃; 盨
10-31,10,31,134,177,no,no,0,,13,10,需; 繻; 儒; 孺; 懦; 濡; 𣽉; 臑; 襦; 醹,2,2,濡; 襦,10,需; 繻; 儒; 孺; 懦; 濡; 𣽉; 臑; 襦; 醹
10-32,10,32,135,178,no,no,0,,1,1,乳,1,1,乳,1,乳
10-33,10,33,119,178,no,yes,1,走,1,1,走,1,1,走,1,走
10-34,10,34,1229,178,no,no,0,,3,3,奏; 湊; 腠,1,1,奏,3,奏; 湊; 腠
10-35,10,35,131; 325,178,no,no,0,,25,16,取; 娶; 趣; 娵; 諏; 聚; 陬; 掫; 緅; 棷,13,9,取; 娶; 趣; 娵; 聚; 驟; 最; 嘬; 撮,16,取; 娶; 趣; 娵; 諏; 聚; 陬; 掫; 緅; 棷
10-36,10,36,132,179,no,no,0,,8,7,芻; 趨; 雛; 鶵; 縐; 騶; 齺,2,2,芻; 趨,7,芻; 趨; 雛; 鶵; 縐; 騶; 齺
10-37,10,37,1097,179,no,no,0,,15,14,叜; 叟; 𡨙; 搜; 廋; 𣸈; 溲; 獀; 瘦; 醙,1,1,叟,14,叜; 叟; 𡨙; 搜; 廋; 𣸈; 溲; 獀; 瘦; 醙
10-38,10,38,1230,180,no,no,0,,1,1,裒,0,0,,1,裒
10-39,10,39,136,180,no,no,0,,19,17,付; 府; 柎; 跗; 弣; 拊; 泭; 坿; 祔; 附,2,2,府; 附,17,付; 府; 柎; 跗; 弣; 拊; 泭; 坿; 祔; 附
10-40,10,40,137,180,no,no,0,,1,1,鳧,0,0,,1,鳧
11-05,11,5,1214,182,no,no,0,,4,4,局; 跼; 挶; 梮,2,1,局,4,局; 跼; 挶; 梮
11-06,11,6,1204,182,no,no,0,,9,8,屋; 剭; 偓; 喔; 幄; 握; 渥; 腛,0,0,,8,屋; 剭; 偓; 喔; 幄; 握; 渥; 腛
11-07,11,7,1217,182,no,no,0,,1,1,勖,0,0,,1,勖
11-08,11,8,1227,182,no,no,0,,1,1,岳,1,1,岳,1,岳
11-09,11,9,1216,182,no,no,0,,2,2,玉; 頊,2,2,玉; 頊,2,玉; 頊
11-10,11,10,1215,182,no,no,0,,3,3,獄; 嶽; 鸑,2,2,獄; 嶽,3,獄; 嶽; 鸑
11-11,11,11,1205,182,no,no,0,,1,1,禿,0,0,,1,禿
11-12,11,12,1224,182,no,no,0,,25,21,蜀; 蠋; 燭; 臅; 觸; 躅; 獨; 襡; 韣; 䪅,7,6,蜀; 觸; 躅; 獨; 濁; 屬,21,蜀; 蠋; 燭; 臅; 觸; 躅; 獨; 襡; 韣; 䪅
11-13,11,13,1218,183,no,no,0,,9,8,豖; 啄; 椓; 㧻; 涿; 琢; 諑; 冢,4,4,瘃; 豖; 啄; 冢,9,豖; 啄; 椓; 㧻; 涿; 琢; 諑; 冢; 瘃
11-14,11,14,1202; 1220,183,no,no,0,,7,7,谷; 欲; 慾; 浴; 鵒; 裕; 俗,3,3,谷; 欲; 俗,7,谷; 欲; 慾; 浴; 鵒; 裕; 俗
11-15,11,15,1208; 1228,184,no,no,0,,10,10,彔; 盝; 琭; 睩; 祿; 㯟; 綠; 菉; 錄; 剝,10,10,彔; 盝; 琭; 睩; 祿; 㯟; 綠; 菉; 錄; 剝,10,彔; 盝; 琭; 睩; 祿; 㯟; 綠; 菉; 錄; 剝
11-16,11,16,1209,184,no,no,0,,4,4,鹿; 摝; 漉; 麓,1,1,鹿,4,鹿; 摝; 漉; 麓
11-17,11,17,1223,184,no,no,0,,6,6,辱; 溽; 縟; 蓐; 槈; 耨,5,5,辱; 縟; 蓐; 槈; 耨,6,辱; 溽; 縟; 蓐; 槈; 耨
11-18,11,18,1206,184,no,no,0,,6,5,族; 鏃; 瘯; 蔟; 嗾,2,2,族; 鏃,5,族; 鏃; 瘯; 蔟; 嗾
11-19,11,19,1219,184,no,no,0,,5,4,足; 哫; 促; 捉,3,2,足; 捉,4,足; 哫; 促; 捉
11-20,11,20,1221,185,no,no,0,,1,1,粟,0,0,,1,粟
11-21,11,21,1222,185,no,no,0,,14,13,束; 誎; 速; 餗; 駷; 悚; 竦; 欶; 樕; 蔌,4,3,束; 速; 漱,13,束; 誎; 速; 餗; 駷; 悚; 竦; 欶; 樕; 蔌
11-22,11,22,1210,185,no,no,0,,9,6,卜; 扑; 朴; 仆; 訃; 赴,5,3,卜; 仆; 赴,6,卜; 扑; 朴; 仆; 訃; 赴
11-23,11,23,1211,185,no,no,0,,12,7,菐; 僕; 樸; 轐; 撲; 墣; 璞,3,3,僕; 樸; 撲,7,菐; 僕; 樸; 轐; 撲; 墣; 璞
11-24,11,24,1212,186,no,no,0,,3,3,木; 沐; 霂,1,1,木,3,木; 沐; 霂
12-01,12,1,1172,187,no,no,0,,32,24,工; 控; 椌; 鞏; 功; 恐; 攻; 蛩; 跫; 貢,16,14,工; 控; 鞏; 功; 恐; 攻; 貢; 鴻; 空; 紅,24,工; 控; 椌; 鞏; 功; 恐; 攻; 蛩; 跫; 貢
12-02,12,2,1174,188,no,no,0,,1,1,孔,1,1,孔,1,孔
12-03,12,3,1182,188,no,no,0,,22,16,廾; 𠬞; 共; 拱; 供; 龏; 龔; 恭; 拲; 輁,11,11,廾; 𠬞; 共; 拱; 供; 龏; 龔; 恭; 拲; 鬨,16,廾; 𠬞; 共; 拱; 供; 龏; 龔; 恭; 拲; 輁
12-05,12,5,1183,189,no,no,0,,8,7,凶; 兇; 訩; 匈; 胷; 胸; 洶,2,2,凶; 訩,7,凶; 兇; 訩; 匈; 胷; 胸; 洶
12-07,12,7,1189,189,no,no,0,,1,1,妐,1,1,妐,1,妐
12-08,12,8,1188,189,no,no,0,,31,24,重; 𠟍; 偅; 憧; 湩; 罿; 種; 𤺄; 腫; 幢,15,10,重; 種; 腫; 撞; 鍾; 衝; 動; 慟; 童; 鐘,24,重; 𠟍; 偅; 憧; 湩; 罿; 種; 𤺄; 腫; 幢
12-09,12,9,1176,190,no,no,0,,12,8,同; 銅; 桐; 筒; 洞; 詷; 侗; 恫,2,2,同; 筒,8,同; 銅; 桐; 筒; 洞; 詷; 侗; 恫
12-10,12,10,1185,190,no,no,0,,19,18,用; 鏞; 𢦨; 甬; 俑; 勇; 涌; 蛹; 踊; 誦,8,8,用; 俑; 勇; 踊; 誦; 痛; 通; 傭,18,用; 鏞; 𢦨; 甬; 俑; 勇; 涌; 蛹; 踊; 誦
12-11,12,11,1187,191,no,no,0,,3,3,容; 溶; 蓉,2,1,容,3,容; 溶; 蓉
12-12,12,12,1192,191,no,no,0,,5,3,舂; 摏; 憃,3,2,舂; 憃,3,舂; 摏; 憃
12-13,12,13,1173; 1190,191,no,no,0,,7,6,公; 瓮; 松; 訟; 頌; 崧,7,5,公; 瓮; 松; 訟; 頌,6,公; 瓮; 松; 訟; 頌; 崧
12-14,12,14,1180,192,no,no,0,,1,1,弄,1,1,弄,1,弄
12-15,12,15,1193,192,no,no,0,,14,10,龍; 壟; 隴; 蘢; 龐; 礱; 籠; 聾; 蠪; 寵,8,6,龐; 龍; 隴; 籠; 聾; 寵,10,龍; 壟; 隴; 蘢; 龐; 礱; 籠; 聾; 蠪; 寵
12-16,12,16,1194,192,no,no,0,,2,1,茸,0,0,,1,茸
12-18,12,18,1196,192,no,no,0,,1,1,宂,0,0,,1,宂
12-19,12,19,1199,192,no,no,0,,15,12,囱; 匆; 悤; 怱; 聰; 蔥; 葱; 總; 緫; 揔,4,4,聰; 蔥; 窻; 䆫,12,囱; 匆; 悤; 怱; 聰; 蔥; 葱; 總; 緫; 揔
12-20,12,20,1177,193,no,no,0,,6,5,㚇; 惾; 椶; 稯; 鬷,0,0,,5,㚇; 惾; 椶; 稯; 鬷
12-21,12,21,1178,193,no,no,0,,1,1,叢,0,0,,1,叢
12-22,12,22,1191,193,no,no,0,,12,6,从; 從; 縱; 樅; 聳; 豵,3,3,從; 縱; 豵,6,从; 從; 縱; 樅; 聳; 豵
12-23,12,23,1179,193,no,no,0,,1,1,送,1,1,送,1,送
12-24,12,24,1200,193,no,no,0,,1,1,雙,1,1,雙,1,雙
12-25,12,25,1197,193,no,no,0,,29,23,丰; 捧; 俸; 蚌; 唪; 邦; 琫; 菶; 蜯; 封,11,9,蚌; 邦; 蜯; 封; 逢; 蜂; 鋒; 縫; 奉,23,丰; 捧; 俸; 蚌; 唪; 邦; 琫; 菶; 蜯; 封
12-26,12,26,1201,194,no,no,0,,4,4,尨; 哤; 駹; 厖,4,4,尨; 哤; 駹; 厖,4,尨; 哤; 駹; 厖
12-27,12,27,1181,194,no,no,0,,7,6,蒙; 幪; 矇; 濛; 蠓; 饛,1,1,蒙,6,蒙; 幪; 矇; 濛; 蠓; 饛
13-01,13,1,1040,196,no,no,0,,8,8,皐; 皋; 槹; 噑; 暭; 皡; 皞; 翶,1,1,皋,8,皐; 皋; 槹; 噑; 暭; 皡; 皞; 翶
13-02,13,2,1244c,196,no,no,0,,1,1,杲,0,0,,1,杲
13-03,13,3,1041; 1i,196,no,no,0,,10,9,丂; 考; 攷; 巧; 朽; 㱙; 栲; 苛; 輢,2,2,巧; 朽,9,丂; 考; 攷; 巧; 朽; 㱙; 栲; 苛; 輢
13-04,13,4,1042,196,no,no,0,,1,1,昊,0,0,,1,昊
13-05,13,5,1043,196,no,no,0,,1,1,顥,0,0,,1,顥
13-06,13,6,1065,196,no,no,0,,2,2,韭; 韮,1,1,韭,2,韭; 韮
13-07,13,7,1068,196,no,no,0,,6,4,咎; 𣓌; 鼛; 櫜,2,2,咎; 鼛,4,咎; 𣓌; 鼛; 櫜
13-08,13,8,1064,196,no,no,0,,12,9,丩; 糾; 糺; 赳; 虯; 觓; 叫; 訆; 嘂,3,3,丩; 糾; 叫,9,丩; 糾; 糺; 赳; 虯; 觓; 叫; 訆; 嘂
13-09,13,9,1044,197,no,no,0,,2,1,好,2,1,好,1,好
13-10,13,10,1244d,197,no,no,0,,1,1,薅,1,1,薅,1,薅
13-11,13,11,1070,197,no,no,0,,9,9,休; 咻; 貅; 鵂; 髹; 茠; 烋; 梟; 𣻏,1,1,休,9,休; 咻; 貅; 鵂; 髹; 茠; 烋; 梟; 𣻏
13-12,13,12,1088,197,no,no,0,,3,3,臭; 嗅; 糗,4,2,臭; 嗅,3,臭; 嗅; 糗
13-13,13,13,1089,197,no,no,0,,1,1,醜,2,1,醜,1,醜
13-14,13,14,1071,197,no,no,0,,6,6,憂; 優; 懮; 瀀; 纋; 耰,1,1,優,6,憂; 優; 懮; 瀀; 纋; 耰
13-15,13,15,1072,197,no,no,0,,1,1,麀,0,0,,1,麀
13-16,13,16,1115,198,no,no,0,,9,8,幺; 𢆶; 幽; 幼; 呦; 黝; 窈; 坳,4,4,幺; 幽; 幼; 窈,8,幺; 𢆶; 幽; 幼; 呦; 黝; 窈; 坳
13-17,13,17,1245a,198,no,no,0,,1,1,窅,0,0,,1,窅
13-18,13,18,1244h,198,no,no,0,,1,1,饕,0,0,,1,饕
13-19,13,19,1084; 1085,198,no,no,0,,6,6,舟; 侜; 輈; 受; 授; 綬,3,3,舟; 受; 授,6,舟; 侜; 輈; 受; 授; 綬
13-20,13,20,1086,198,no,no,0,,3,3,州; 洲; 酬,2,2,州; 洲,3,州; 洲; 酬
13-21,13,21,1091,198,no,no,0,,4,4,讎; 犨; 犫; 售,1,1,讎,4,讎; 犨; 犫; 售
13-22,13,22,1090,199,no,no,0,,24,18,鑄; 𢏚; 𠷎; 𠼡; 壽; 儔; 疇; 籌; 躊; 醻,5,3,鑄; 壽; 疇,18,鑄; 𢏚; 𠷎; 𠼡; 壽; 儔; 疇; 籌; 躊; 醻
13-23,13,23,1073,199,no,no,0,,4,4,肘; 疛; 酎; 討,5,5,紂; 肘; 疛; 酎; 討,5,肘; 疛; 酎; 討; 紂
13-24,13,24,1074,199,no,no,0,,1,1,盩,0,0,,1,盩
13-25,13,25,1116,199,no,no,0,,4,3,鳥; 蔦; 島,0,0,,3,鳥; 蔦; 島
13-26,13,26,1083,199,no,yes,32,周; 婤; 賙; 輖; 啁; 惆; 稠; 綢; 裯; 凋,21,19,周; 婤; 賙; 輖; 啁; 惆; 稠; 綢; 裯; 凋,8,7,周; 稠; 綢; 凋; 彫; 雕; 調,19,周; 婤; 賙; 輖; 啁; 惆; 稠; 綢; 裯; 凋
13-27,13,27,1078,200,no,no,0,,11,8,舀; 慆; 搯; 滔; 謟; 韜; 稻; 蹈,2,2,滔; 稻,8,舀; 慆; 搯; 滔; 謟; 韜; 稻; 蹈
13-30,13,30,1079,200,no,no,0,,18,15,由; 柚; 油; 鼬; 妯; 抽; 宙; 胄; 冑; 䩜,5,5,由; 抽; 冑; 袖; 軸,15,由; 柚; 油; 鼬; 妯; 抽; 宙; 胄; 冑; 䩜
13-31,13,31,1082,201,no,no,0,,1,1,牖,1,1,牖,1,牖
13-32,13,32,1077,201,no,no,0,,23,19,攸; 悠; 修; 脩; 條; 䩦; 鋚; 莜; 翛; 焂,8,7,攸; 悠; 修; 脩; 條; 倏; 滌,19,攸; 悠; 修; 脩; 條; 䩦; 鋚; 莜; 翛; 焂
13-33,13,33,1080,201,no,no,0,,4,4,斿; 游; 遊; 蝣,2,2,游; 遊,4,斿; 游; 遊; 蝣
13-34,13,34,1081,202,no,no,0,,3,2,卣; 逌,0,0,,2,卣; 逌
13-35,13,35,1094,202,no,no,0,,2,2,囚; 泅,2,2,囚; 泅,2,囚; 泅
13-36,13,36,1096,202,no,no,0,,18,15,酉; 蕕; 庮; 梄; 槱; 酒; 酋; 蝤; 遒; 緧,9,7,酉; 酒; 酋; 蝤; 遒; 緧; 猶,15,酉; 蕕; 庮; 梄; 槱; 酒; 酋; 蝤; 遒; 緧
13-37,13,37,1246c,202,no,no,0,,1,1,狖,0,0,,1,狖
13-38,13,38,1102; 1048,202,no,no,0,,5,3,首; 道; 導,5,3,首; 道; 導,3,首; 道; 導
13-39,13,39,1095,202,no,no,0,,5,4,秀; 琇; 莠; 誘,2,2,秀; 莠,4,秀; 琇; 莠; 誘
13-40,13,40,1099,203,no,no,0,,3,2,守; 狩,3,2,守; 狩,2,守; 狩
13-41,13,41,1100,203,no,no,0,,1,1,獸,1,1,獸,1,獸
13-42,13,42,1101,203,no,no,0,,1,1,手,1,1,手,1,手
13-43,13,43,1055,203,no,no,0,,1,1,老,1,1,老,1,老
13-44,13,44,1056,203,no,no,0,,1,1,牢,0,0,,1,牢
13-45,13,45,1069,203,no,no,0,,29,20,翏; 鏐; 飂; 摎; 樛; 璆; 勠; 瘳; 繆; 謬,10,7,翏; 摎; 樛; 瘳; 謬; 膠; 戮,20,翏; 鏐; 飂; 摎; 樛; 璆; 勠; 瘳; 繆; 謬
13-46,13,46,1104,204,no,no,0,,3,3,流; 𣹳; 旒,1,1,流,3,流; 𣹳; 旒
13-47,13,47,1114,204,no,no,0,,23,19,卯; 劉; 懰; 瀏; 茆; 昴; 窌; 貿; 柳; 桺,7,7,卯; 劉; 茆; 昴; 柳; 留; 聊,19,卯; 劉; 懰; 瀏; 茆; 昴; 窌; 貿; 柳; 桺
13-48,13,48,1105,205,no,no,0,,11,7,柔; 揉; 㽥; 蹂; 輮; 糅; 猱,2,2,柔; 猱,7,柔; 揉; 㽥; 蹂; 輮; 糅; 猱
13-50,13,50,1076,205,no,no,0,,6,6,丑; 杻; 狃; 紐; 羞; 忸,4,4,丑; 狃; 紐; 羞,6,丑; 杻; 狃; 紐; 羞; 忸
13-51,13,51,1049,205,no,no,0,,2,2,早; 草,2,2,早; 草,2,早; 草
13-52,13,52,1052,205,no,no,0,,2,2,屮; 艸,0,0,,2,屮; 艸
13-53,13,53,1050,205,no,no,0,,1,1,棗,1,1,棗,1,棗
13-54,13,54,1051,205,no,no,0,,4,3,造; 慥; 簉,2,1,造,3,造; 慥; 簉
13-55,13,55,1053,206,no,no,0,,7,6,曹; 螬; 漕; 傮; 糟; 遭,3,3,曹; 糟; 遭,6,曹; 螬; 漕; 傮; 糟; 遭
13-56,13,56,1054,206,no,no,0,,2,2,皂; 皁,1,1,皁,2,皂; 皁
13-57,13,57,1092,206,no,no,0,,12,10,秋; 楸; 萩; 鶖; 啾; 湫; 揫; 甃; 愁; 愀,2,2,秋; 愁,10,秋; 楸; 萩; 鶖; 啾; 湫; 揫; 甃; 愁; 愀
13-58,13,58,1093,206,no,no,0,,6,3,就; 蹴; 蹵,1,1,就,3,就; 蹴; 蹵
13-59,13,59,1111,206,no,no,0,,4,2,爪; 抓,2,2,爪; 抓,2,爪; 抓
13-60,13,60,1112,206,no,no,0,,9,7,㕚; 蚤; 慅; 搔; 騷; 糔; 鼜,3,3,蚤; 搔; 騷,7,㕚; 蚤; 慅; 搔; 騷; 糔; 鼜
13-61,13,61,1087,207,no,no,0,,6,4,帚; 箒; 埽; 掃,1,1,帚,4,帚; 箒; 埽; 掃
13-62,13,62,1098,207,no,no,0,,1,1,蒐,0,0,,1,蒐
13-64,13,64,1057,207,no,no,0,,5,4,保; 葆; 褓; 襃,2,2,保; 褒,5,保; 葆; 褓; 襃; 褒
13-65,13,65,1058,207,no,no,0,,1,1,報,1,1,報,1,報
13-66,13,66,1059,207,no,no,0,,1,1,寶,1,1,寶,1,寶
13-67,13,67,1060,207,no,no,0,,1,1,鴇,0,0,,1,鴇
13-68,13,68,1061,207,no,no,0,,1,1,虣,0,0,,1,虣
13-69,13,69,1107,207,no,no,0,,2,2,缶; 㯱,1,1,缶,2,缶; 㯱
13-70,13,70,1108,207,no,no,0,,1,1,阜,1,1,阜,1,阜
13-71,13,71,1154; 1106,207,no,no,0,,6,3,髟; 彪; 滮,1,1,髟,3,髟; 彪; 滮
13-72,13,72,1113,208,no,no,0,,20,14,包; 胞; 苞; 飽; 庖; 匏; 炮; 鮑; 袍; 抱,8,8,包; 胞; 苞; 匏; 袍; 抱; 枹; 雹,14,包; 胞; 苞; 飽; 庖; 匏; 炮; 鮑; 袍; 抱
13-73,13,73,1233,208,no,no,0,,15,11,孚; 俘; 莩; 郛; 垺; 殍; 罦; 桴; 浮; 蜉,2,2,浮; 蜉,11,孚; 俘; 莩; 郛; 垺; 殍; 罦; 桴; 浮; 蜉
13-74,13,74,1062,209,no,no,0,,4,3,冒; 媢; 瑁,4,3,帽; 冒; 媢,4,冒; 媢; 瑁; 帽
13-75,13,75,1063,209,no,no,0,,1,1,牡,1,1,牡,1,牡
13-76,13,76,1109,209,no,no,0,,19,16,矛; 茅; 楙; 懋; 敄; 務; 婺; 騖; 蝥; 蟊,5,5,矛; 茅; 務; 瞀; 霧,16,矛; 茅; 楙; 懋; 敄; 務; 婺; 騖; 蝥; 蟊
13-77,13,77,1110,209,no,no,0,,6,5,牟; 恈; 眸; 麰; 侔,0,0,,5,牟; 恈; 眸; 麰; 侔
13-78,13,78,1231,209,no,no,0,,2,2,戊; 茂,1,1,戊,2,戊; 茂
14-02,14,2,1017,210,no,no,0,,10,10,匊; 掬; 椈; 菊; 蘜; 踘; 鞠; 麴; 鞫; 𥷚,1,1,鞫,10,匊; 掬; 椈; 菊; 蘜; 踘; 鞠; 麴; 鞫; 𥷚
14-03,14,3,1038,210,no,no,0,,8,6,學; 斆; 覺; 嚳; 鷽; 攪,6,4,學; 覺; 鷽; 攪,6,學; 斆; 覺; 嚳; 鷽; 攪
14-04,14,4,1045,211,no,no,0,,7,5,奧; 澳; 隩; 燠; 薁,4,3,奧; 澳; 薁,5,奧; 澳; 隩; 燠; 薁
14-05,14,5,1016,211,no,no,0,,3,2,毒; 纛,2,1,毒,2,毒; 纛
14-06,14,6,1025,211,no,no,0,,4,2,祝; 柷,3,1,祝,2,祝; 柷
14-07,14,7,1026,211,no,no,0,,3,3,孰; 熟; 塾,2,2,孰; 熟,3,孰; 熟; 塾
14-08,14,8,1019,211,no,no,0,,6,6,竹; 筑; 築; 𥲒; 竺; 篤,3,3,竹; 築; 篤,6,竹; 筑; 築; 𥲒; 竺; 篤
14-09,14,9,1075,212,no,no,0,,1,1,晝,0,0,,1,晝
14-10,14,10,1024,212,no,no,0,,3,2,粥; 鬻,2,2,粥; 鬻,2,粥; 鬻
14-11,14,11,1020,212,no,no,0,,1,1,育,1,1,育,1,育
14-12,14,12,1021,212,no,no,0,,1,1,毓,1,1,毓,1,毓
14-13,14,13,1022,212,no,no,0,,4,3,逐; 篴; 蓫,1,1,逐,3,逐; 篴; 蓫
14-14,14,14,1023,212,no,no,0,,20,19,賣; 儥; 覿; 匵; 嬻; 櫝; 殰; 瀆; 牘; 犢,6,6,牘; 犢; 讀; 贖; 續; 藚,19,賣; 儥; 覿; 匵; 嬻; 櫝; 殰; 瀆; 牘; 犢
14-15,14,15,1018,212,no,no,0,,10,5,畜; 蓄; 稸; 慉; 滀,7,4,畜; 蓄; 稸; 慉,5,畜; 蓄; 稸; 慉; 滀
14-16,14,16,1032,213,no,no,0,,5,5,六; 坴; 陸; 稑; 睦,3,3,六; 陸; 睦,5,六; 坴; 陸; 稑; 睦
14-17,14,17,1033,213,no,no,0,,2,1,肉,1,1,肉,1,肉
14-18,14,18,1031,213,no,no,0,,23,19,尗; 叔; 𣢰; 戚; 菽; 俶; 諔; 踧; 寂; 督,13,8,尗; 叔; 戚; 俶; 寂; 椒; 慼; 鏚,19,尗; 叔; 𣢰; 戚; 菽; 俶; 諔; 踧; 寂; 督
14-19,14,19,1027,213,no,no,0,,2,2,鼀; 灶,1,1,竈,3,鼀; 灶; 竈
14-20,14,20,1029,213,no,no,0,,4,3,宿; 縮; 蹜,2,1,宿,3,宿; 縮; 蹜
14-21,14,21,1030,214,no,no,0,,1,1,夙,1,1,夙,1,夙
14-22,14,22,1028,214,no,no,0,,12,10,肅; 鱐; 䐹; 繡; 嘯; 歗; 簫; 蕭; 瀟; 蠨,9,5,肅; 繡; 嘯; 簫; 蕭,10,肅; 鱐; 䐹; 繡; 嘯; 歗; 簫; 蕭; 瀟; 蠨
14-23,14,23,1034,214,no,no,0,,10,8,复; 復; 輹; 腹; 複; 蝮; 愎; 覆,7,6,复; 復; 輹; 腹; 複; 覆,8,复; 復; 輹; 腹; 複; 蝮; 愎; 覆
14-24,14,24,1036,214,no,no,0,,1,1,目,1,1,目,1,目
14-25,14,25,1035,214,no,no,0,,1,1,穆,1,1,穆,1,穆
15-01,15,1,1006,215,no,no,0,,5,5,宮; 躳; 躬; 竆; 窮,5,4,宮; 躳; 躬; 窮,5,宮; 躳; 躬; 竆; 窮
15-02,15,2,1015,215,no,no,0,,9,5,降; 洚; 戇; 隆; 癃,6,3,贛; 降; 隆,6,降; 洚; 戇; 隆; 癃; 贛
15-03,15,3,1002,215,no,no,0,,3,3,冬; 終; 螽,3,3,冬; 終; 螽,3,冬; 終; 螽
15-04,15,4,1010,215,no,no,0,,5,3,眾; 𧑄; 潨,3,2,眾; 潨,3,眾; 𧑄; 潨
15-05,15,5,1011,216,no,no,0,,2,2,充; 統,1,1,充,2,充; 統
15-06,15,6,1007,216,no,no,0,,9,7,中; 仲; 衷; 忠; 忡; 盅; 沖,5,4,中; 仲; 忠; 忡,7,中; 仲; 衷; 忠; 忡; 盅; 沖
15-07,15,7,1009,216,no,no,0,,5,5,蟲; 虫; 融; 赨; 𢥞,2,2,蟲; 融,5,蟲; 虫; 融; 赨; 𢥞
15-08,15,8,1008,216,no,no,0,,3,3,肜; 彡; 彤,4,4,䑣; 肜; 彡; 彤,4,肜; 彡; 彤; 䑣
15-09,15,9,1005,216,no,no,0,,12,8,農; 辳; 噥; 膿; 濃; 醲; 穠; 襛,2,2,農; 膿,8,農; 辳; 噥; 膿; 濃; 醲; 穠; 襛
15-10,15,10,1013,216,no,no,0,,2,2,戎; 茙,2,2,戎; 茙,2,戎; 茙
15-11,15,11,1012,217,no,no,0,,1,1,嵩,0,0,,1,嵩
15-12,15,12,1004,217,no,no,0,,1,1,宋,0,0,,1,宋
15-13,15,13,1003,217,no,no,0,,4,4,宗; 綜; 琮; 崇,3,3,宗; 綜; 崇,4,宗; 綜; 琮; 崇
15-14,15,14,1014,217,no,no,0,,2,2,豐; 麷,4,1,豐,2,豐; 麷
15-15,15,15,1253a,217,no,no,0,,1,1,賵,0,0,,1,賵
16-01,16,1,1129,218,no,no,0,,33,24,高; 薧; 嚆; 藃; 皜; 暠; 稾; 藁; 縞; 膏,8,7,高; 稿; 膏; 犒; 毫; 豪; 翯,25,高; 薧; 嚆; 藃; 皜; 暠; 稾; 藁; 縞; 膏
16-02,16,2,1244,219,no,no,0,,12,11,羔; 䅵; 杲; 薅; 媼; 腦; 𠜶; 饕; 呶; 怓,3,3,薅; 媼; 腦,11,羔; 䅵; 杲; 薅; 媼; 腦; 𠜶; 饕; 呶; 怓
16-03,16,3,1138,219,no,no,0,,25,16,喬; 僑; 嶠; 鐈; 橋; 趫; 憍; 撟; 敿; 矯,5,4,喬; 橋; 矯; 蹻,16,喬; 僑; 嶠; 鐈; 橋; 趫; 憍; 撟; 敿; 矯
16-06,16,6,1166,220,no,no,0,,32,23,交; 窔; 較; 烄; 佼; 姣; 咬; 挍; 校; 狡,5,5,鉸; 交; 絞; 郊; 效,24,交; 窔; 較; 烄; 佼; 姣; 咬; 挍; 校; 狡
16-07,16,7,1167,221,no,no,0,,7,7,爻; 肴; 殽; 𢼂; 𤕝; 教; 䡈,5,3,爻; 肴; 教,7,爻; 肴; 殽; 𢼂; 𤕝; 教; 䡈
16-08,16,8,1041p; 1041q; 1041r; 1041s; 1041t; 13,221,no,no,0,,8,7,号; 號; 呺; 枵; 鴞; 𧴪; 瑣,6,4,號; 鴞; 鎖; 瑣,8,号; 號; 呺; 枵; 鴞; 𧴪; 瑣; 鎖
16-09,16,9,1168; 16,221,no,no,0,,8,6,孝; 哮; 沙; 鯊; 娑; 莎,3,3,孝; 沙; 娑,6,孝; 哮; 沙; 鯊; 娑; 莎
16-10,16,10,1141,221,no,no,0,,15,12,夭; 枖; 妖; 𡝩; 殀; 祆; 訞; 宎; 穾; 䴠,1,1,夭,12,夭; 枖; 妖; 𡝩; 殀; 祆; 訞; 宎; 穾; 䴠
16-11,16,11,1142,222,no,no,0,,5,4,要; 腰; 喓; 葽,2,2,要; 腰,4,要; 腰; 喓; 葽
16-12,16,12,1140,222,no,no,0,,1,1,囂,0,0,,1,囂
16-13,16,13,1130,222,no,no,0,,15,12,敖; 遨; 傲; 嗷; 嗸; 摮; 熬; 獒; 螯; 謷,1,1,熬,12,敖; 遨; 傲; 嗷; 嗸; 摮; 熬; 獒; 螯; 謷
16-14,16,14,1164,222,no,no,0,,27,20,堯; 僥; 澆; 髐; 嘵; 曉; 膮; 翹; 磽; 墝,12,9,堯; 曉; 翹; 繞; 襓; 橈; 鐃; 撓; 燒,20,堯; 僥; 澆; 髐; 嘵; 曉; 膮; 翹; 磽; 墝
16-15,16,15,1131,223,no,no,0,,28,22,刀; 韶; 㲈; 忉; 貂; 叨; 苕; 召; 鞀; 怊,9,8,刀; 召; 超; 昭; 炤; 照; 沼; 詔,22,刀; 韶; 㲈; 忉; 貂; 叨; 苕; 召; 鞀; 怊
16-16,16,16,1133,223,no,no,0,,1,1,盜,1,1,盜,1,盜
16-17,16,17,1143,224,no,no,0,,3,2,朝; 潮,3,2,朝; 潮,2,朝; 潮
16-18,16,18,1146,224,no,no,0,,1,1,肇,0,0,,1,肇
16-19,16,19,1147,224,no,no,0,,1,1,鼂,0,0,,1,鼂
16-20,16,20,1145,224,no,no,0,,32,23,兆; 垗; 旐; 姚; 珧; 銚; 恌; 眺; 祧; 覜,6,5,兆; 眺; 挑; 桃; 逃,23,兆; 垗; 旐; 姚; 珧; 銚; 恌; 眺; 祧; 覜
16-21,16,21,1144,224,no,no,0,,16,15,䍃; 窰; 窯; 傜; 徭; 媱; 搖; 榣; 瑤; 謠,6,6,䍃; 窰; 傜; 徭; 搖; 謠,15,䍃; 窰; 窯; 傜; 徭; 媱; 搖; 榣; 瑤; 謠
16-22,16,22,1149e,225,no,no,0,,4,2,少; 箾,2,1,少,2,少; 箾
16-23,16,23,1135,225,no,no,0,,3,2,勞; 膋,2,1,勞,2,勞; 膋
16-24,16,24,1151,225,no,no,0,,24,17,𤋯; 尞; 燎; 療; 繚; 僚; 寮; 憭; 獠; 瞭,1,1,僚,17,𤋯; 尞; 燎; 療; 繚; 僚; 寮; 憭; 獠; 瞭
16-26,16,26,1245,226,no,no,0,,5,4,窅; 杳; 料; 敹,1,1,料,4,窅; 杳; 料; 敹
16-27,16,27,1152; 13,226,no,no,0,,5,4,擾; 獶; 𧴪; 瑣,3,2,獶; 瑣,4,擾; 獶; 𧴪; 瑣
16-28,16,28,1244,226,no,no,0,,12,11,羔; 䅵; 杲; 薅; 媼; 腦; 𠜶; 饕; 呶; 怓,3,3,薅; 媼; 腦,11,羔; 䅵; 杲; 薅; 媼; 腦; 𠜶; 饕; 呶; 怓
16-29,16,29,1244,226,no,no,0,,12,11,羔; 䅵; 杲; 薅; 媼; 腦; 𠜶; 饕; 呶; 怓,3,3,薅; 媼; 腦,11,羔; 䅵; 杲; 薅; 媼; 腦; 𠜶; 饕; 呶; 怓
16-30,16,30,1134,226,no,no,0,,15,13,喿; 譟; 燥; 臊; 鱢; 澡; 璪; 繰; 趮; 躁,8,6,燥; 臊; 澡; 繰; 操; 藻,13,喿; 譟; 燥; 臊; 鱢; 澡; 璪; 繰; 趮; 躁
16-31,16,31,1148,226,no,no,0,,17,13,焦; 燋; 僬; 潐; 蕉; 醮; 鷦; 憔; 樵; 譙,1,1,噍,13,焦; 燋; 僬; 潐; 蕉; 醮; 鷦; 憔; 樵; 譙
16-32,16,32,1169,227,no,no,0,,7,5,巢; 𠞰; 勦; 繅; 薻,3,3,鏁; 巢; 剿,7,巢; 𠞰; 勦; 繅; 薻; 鏁; 剿
16-33,16,33,1149,227,no,no,0,,33,24,小; 筲; 蛸; 削; 揱; 少; 箾; 肖; 宵; 消,11,9,小; 削; 少; 肖; 宵; 消; 逍; 霄; 稍,24,小; 筲; 蛸; 削; 揱; 少; 箾; 肖; 宵; 消
16-34,16,34,1150,228,no,no,0,,1,1,笑,1,1,笑,1,笑
16-35,16,35,1153,228,no,no,0,,1,1,表,1,1,表,1,表
16-36,16,36,1154,228,no,no,0,,3,1,髟,1,1,髟,1,髟
16-37,16,37,1155,228,no,no,0,,1,1,猋,0,0,,1,猋
16-38,16,38,1156,228,no,no,0,,2,1,驫,0,0,,1,驫
16-39,16,39,1157,228,no,no,0,,20,12,𤐫; 票; 𤒾; 標; 飄; 僄; 剽; 嘌; 漂; 縹,2,2,票; 瓢,12,𤐫; 票; 𤒾; 標; 飄; 僄; 剽; 嘌; 漂; 縹
16-40,16,40,1170,228,no,no,0,,8,7,麃; 儦; 瀌; 穮; 鑣; 皫; 犥,0,0,,7,麃; 儦; 瀌; 穮; 鑣; 皫; 犥
16-41,16,41,1137,229,no,no,0,,10,8,毛; 旄; 髦; 芼; 𦒷; 眊; 秏; 耗,3,3,毛; 旄; 芼,8,毛; 旄; 髦; 芼; 𦒷; 眊; 秏; 耗
16-42,16,42,1171,229,no,no,0,,4,4,皃; 貌; 藐; 邈,1,1,貌,4,皃; 貌; 藐; 邈
16-43,16,43,1159,229,no,no,0,,4,3,苗; 庿; 貓,2,2,苗; 貓,3,苗; 庿; 貓
16-44,16,44,1158,229,no,no,0,,5,5,眇; 妙; 杪; 鈔; 渺,4,4,眇; 妙; 杪; 渺,5,眇; 妙; 杪; 鈔; 渺
16-45,16,45,1161,229,no,no,0,,1,1,淼,0,0,,1,淼
17-01,17,1,1117,231,no,no,0,,5,4,隺; 鶴; 搉; 確,4,3,隺; 鶴; 確,4,隺; 鶴; 搉; 確
17-02,17,2,1118,231,no,no,0,,3,3,虐; 瘧; 謔,2,2,虐; 謔,3,虐; 瘧; 謔
17-03,17,3,1165,231,no,no,0,,3,2,弔; 盄,2,1,弔,2,弔; 盄
17-05,17,5,1120,231,no,no,0,,16,13,勺; 杓; 汋; 酌; 妁; 灼; 礿; 旳; 靮; 釣,10,7,勺; 杓; 汋; 酌; 的; 釣; 約,14,勺; 杓; 汋; 酌; 妁; 灼; 礿; 旳; 靮; 釣
17-06,17,6,1119,232,no,no,0,,7,7,龠; 籥; 瀹; 𤅢; 爚; 禴; 籲,2,2,龠; 籥,7,龠; 籥; 瀹; 𤅢; 爚; 禴; 籲
17-07,17,7,1124,232,no,no,0,,16,14,翟; 糴; 籊; 趯; 躍; 擢; 濯; 曜; 燿; 耀,9,8,翟; 躍; 擢; 濯; 曜; 燿; 耀; 櫂,14,翟; 糴; 籊; 趯; 躍; 擢; 濯; 曜; 燿; 耀
17-08,17,8,1125,232,no,no,0,,15,11,樂; 轢; 𧭥; 濼; 櫟; 礫; 躒; 䟏; 爍; 鑠,12,8,樂; 轢; 櫟; 礫; 䟏; 爍; 鑠; 藥,11,樂; 轢; 𧭥; 濼; 櫟; 礫; 躒; 䟏; 爍; 鑠
17-09,17,9,1123,233,no,no,0,,6,5,弱; 蒻; 愵; 溺; 嫋,3,2,弱; 溺,5,弱; 蒻; 愵; 溺; 嫋
17-11,17,11,1128,233,no,no,0,,2,2,鑿; 𥽿,1,1,鑿,2,鑿; 𥽿
17-12,17,12,1121,233,no,no,0,,5,5,爵; 爝; 穱; 灂; 釂,1,1,爵,5,爵; 爝; 穱; 灂; 釂
17-13,17,13,1122,233,no,no,0,,1,1,雀,1,1,雀,1,雀
17-14,17,14,1136,233,no,no,0,,7,5,暴; 曝; 瀑; 襮; 嚗,4,3,暴; 曝; 瀑,5,暴; 曝; 瀑; 襮; 嚗
17-15,17,15,1127,233,no,no,0,,2,2,駁; 駮,0,0,,2,駁; 駮
17-16,17,16,1244k,234,no,no,0,,1,1,豹,0,0,,1,豹
18-02,18,2,349,236,no,no,0,,2,1,个,1,1,个,1,个
18-03,18,3,1238a,237,no,yes,8,羅; 蘿; 羈; 買; 賣; 罹; 罷; 羆,1,1,羈,1,1,羈,1,羈
18-04,18,4,15,237,no,yes,7,加; 枷; 珈; 駕; 嘉; 哿; 賀,8,7,加; 枷; 珈; 駕; 嘉; 哿; 賀,3,3,加; 駕; 嘉,7,加; 枷; 珈; 駕; 嘉; 哿; 賀
18-05,18,5,2,237,no,yes,17,我; 俄; 娥; 峨; 睋; 莪; 誐; 餓; 鵝; 鵞,18,17,我; 俄; 娥; 峨; 睋; 莪; 誐; 餓; 鵝; 鵞,11,10,我; 餓; 鵝; 蛾; 義; 儀; 議; 蟻; 羲; 犧,17,我; 俄; 娥; 峨; 睋; 莪; 誐; 餓; 鵝; 鵞
18-06,18,6,21,238,no,yes,2,宜; 誼,2,2,宜; 誼,2,1,宜,2,宜; 誼
18-07,18,7,22,238,no,yes,3,䖒; 戲; 虍,2,2,䖒; 戲,2,2,䖒; 戲,2,䖒; 戲
18-08,18,8,3,238,no,yes,14,多; 痑; 奓; 㗬; 恀; 侈; 拸; 哆; 誃; 趍,17,14,多; 痑; 奓; 㗬; 恀; 侈; 拸; 哆; 誃; 趍,5,5,多; 侈; 哆; 移; 迻,14,多; 痑; 奓; 㗬; 恀; 侈; 拸; 哆; 誃; 趍
18-09,18,9,4,239,no,yes,33,它; 㐌; 佗; 拕; 紽; 沱; 蛇; 鉈; 匜; 也,42,32,它; 弛; 地; 他; 扡; 髢; 㐌; 拖; 也; 胣,12,12,舵; 它; 弛; 地; 他; 也; 紽; 蛇; 施; 匜,33,它; 弛; 地; 他; 扡; 髢; 㐌; 拖; 也; 胣
18-10,18,10,6,240,no,no,0,,2,2,羅; 蘿,1,1,羅,2,羅; 蘿
18-11,18,11,23,240,no,yes,8,离; 魑; 螭; 縭; 醨; 離; 籬; 灕,9,8,离; 魑; 螭; 縭; 醨; 離; 籬; 灕,6,4,离; 魑; 螭; 離,8,离; 魑; 螭; 縭; 醨; 離; 籬; 灕
18-12,18,12,350,240,no,no,0,,1,1,那,0,0,,1,那
18-13,18,13,5,241,no,yes,11,左; 佐; 差; 槎; 瑳; 磋; 傞; 瘥; 鹺; 嗟,18,11,左; 佐; 差; 槎; 瑳; 磋; 傞; 瘥; 鹺; 嗟,15,8,左; 佐; 差; 槎; 瑳; 磋; 鹺; 嗟,11,左; 佐; 差; 槎; 瑳; 磋; 傞; 瘥; 鹺; 嗟
18-15,18,15,16,241,no,yes,4,沙; 鯊; 娑; 莎,5,4,沙; 鯊; 娑; 莎,2,2,沙; 娑,4,沙; 鯊; 娑; 莎
18-16,18,16,25,241,no,yes,15,皮; 疲; 被; 鞁; 彼; 詖; 陂; 披; 鈹; 跛,22,15,皮; 疲; 被; 鞁; 彼; 詖; 陂; 披; 鈹; 波,12,9,皮; 被; 彼; 陂; 披; 跛; 簸; 破; 婆,15,皮; 疲; 被; 鞁; 彼; 詖; 陂; 披; 鈹; 波
18-17,18,17,26,242,no,no,0,,3,2,罷; 羆,3,2,罷; 羆,2,罷; 羆
18-18,18,18,17,242,no,yes,9,麻; 塺; 麽; 摩; 磨; 糜; 麾; 靡; 攠,10,9,麻; 塺; 麽; 摩; 磨; 糜; 靡; 麾; 攠,10,5,麻; 塺; 磨; 糜; 靡,9,麻; 塺; 麽; 摩; 磨; 糜; 靡; 麾; 攠
18-19,18,19,356,243,no,no,0,,2,2,毀; 燬,1,1,毀,2,毀; 燬
19-01,19,1,7,244,no,yes,4,戈; 划; 𢦚; 丮,3,3,戈; 划; 𢦚,2,2,戈; 划,3,戈; 划; 𢦚
19-02,19,2,351,244,no,no,0,,16,13,果; 蜾; 裹; 堁; 課; 倮; 裸; 臝; 踝; 髁,11,9,果; 蜾; 裹; 倮; 裸; 臝; 踝; 輠; 祼,13,果; 蜾; 裹; 堁; 課; 倮; 裸; 臝; 踝; 髁
19-03,19,3,352,245,no,no,0,,1,1,𩰬,0,0,,1,𩰬
19-04,19,4,18,245,no,yes,8,咼; 騧; 蝸; 媧; 禍; 旤; 過; 薖,11,8,咼; 騧; 蝸; 媧; 過; 禍; 旤; 薖,9,7,腡; 冎; 咼; 騧; 蝸; 過; 薖,10,咼; 騧; 蝸; 媧; 過; 禍; 旤; 薖; 腡; 冎
19-05,19,5,28,245,no,yes,1,虧,1,1,虧,1,1,虧,1,虧
19-06,19,6,27,245,no,yes,6,為; 䦱; 嬀; 偽; 撝; 譌,7,6,為; 䦱; 嬀; 偽; 撝; 譌,5,4,為; 媯; 偽; 譌,7,為; 䦱; 嬀; 偽; 撝; 譌; 媯
19-07,19,7,8,245,no,yes,5,禾; 和; 龢; 盉; 科,6,5,禾; 和; 龢; 盉; 科,3,2,禾; 和,5,禾; 和; 龢; 盉; 科
19-08,19,8,19,246,no,yes,4,化; 貨; 吪; 訛,4,4,化; 貨; 吪; 訛,4,4,化; 貨; 吪; 訛,4,化; 貨; 吪; 訛
19-09,19,9,11,246,no,no,0,,19,12,隓; 隋; 橢; 嶞; 墮; 隳; 隨; 髓; 瀡; 鬌,14,9,隓; 隋; 橢; 墮; 隳; 隨; 髓; 瀡; 惰,12,隓; 隋; 橢; 嶞; 墮; 隳; 隨; 髓; 瀡; 鬌
19-10,19,10,357,246,no,no,0,,10,7,委; 倭; 痿; 萎; 逶; 餧; 踒,3,1,委,7,委; 倭; 痿; 萎; 逶; 餧; 踒
19-11,19,11,9,246,no,yes,1,臥,1,1,臥,1,1,臥,1,臥
19-12,19,12,29,246,no,yes,6,危; 詭; 佹; 垝; 恑; 跪,7,6,危; 詭; 佹; 垝; 恑; 跪,3,3,危; 詭; 跪,6,危; 詭; 佹; 垝; 恑; 跪
19-13,19,13,20,247,no,yes,1,瓦,1,1,瓦,1,1,瓦,1,瓦
19-14,19,14,10,247,no,yes,2,朵; 朶,2,2,朵; 朶,0,0,,2,朵; 朶
19-15,19,15,30,247,no,yes,2,吹; 炊,3,2,吹; 炊,2,1,吹,2,吹; 炊
19-16,19,16,11,247,no,yes,12,隓; 隋; 橢; 嶞; 墮; 隳; 隨; 髓; 瀡; 鬌,19,12,隓; 隋; 橢; 嶞; 墮; 隳; 隨; 髓; 瀡; 鬌,14,9,隓; 隋; 橢; 墮; 隳; 隨; 髓; 瀡; 惰,12,隓; 隋; 橢; 嶞; 墮; 隳; 隨; 髓; 瀡; 鬌
19-17,19,17,31,247,no,yes,12,垂; 陲; 睡; 菙; 甀; 錘; 硾; 捶; 箠; 諈,14,12,垂; 陲; 睡; 菙; 甀; 錘; 硾; 捶; 箠; 諈,2,2,垂; 捶,12,垂; 陲; 睡; 菙; 甀; 錘; 硾; 捶; 箠; 諈
19-18,19,18,14,248,no,yes,3,𦝠; 蠃; 羸,3,3,𦝠; 蠃; 羸,2,2,蠃; 羸,3,𦝠; 蠃; 羸
19-19,19,19,354,248,no,no,0,,7,5,妥; 餒; 緌; 諉; 綏,5,5,妥; 餒; 緌; 諉; 綏,5,妥; 餒; 緌; 諉; 綏
19-21,19,21,12,248,no,yes,8,坐; 痤; 挫; 剉; 脞; 髽; 夎; 蓌,9,7,坐; 痤; 挫; 蓌; 剉; 脞; 髽,6,4,座; 坐; 剉; 髽,8,坐; 痤; 挫; 蓌; 剉; 脞; 髽; 座
19-22,19,22,13,248,no,yes,2,𧴪; 瑣,3,2,𧴪; 瑣,2,1,瑣,2,𧴪; 瑣
19-23,19,23,355,249,no,no,0,,8,5,衰; 蓑; 簑; 榱; 縗,4,3,衰; 蓑; 縗,5,衰; 蓑; 簑; 榱; 縗
20-01,20,1,279,251,no,no,0,,16,11,㓞; 契; 挈; 絜; 齧; 鍥; 瘈; 喫; 楔; 潔,6,5,契; 齧; 瘈; 楔; 潔,11,㓞; 契; 挈; 絜; 齧; 鍥; 瘈; 喫; 楔; 潔
20-02,20,2,327,251,no,no,0,,10,8,介; 价; 界; 疥; 齘; 𢗊; 芥; 紒,4,4,介; 界; 疥; 芥,8,介; 价; 界; 疥; 齘; 𢗊; 芥; 紒
20-03,20,3,312,251,no,no,0,,16,11,夬; 決; 玦; 袂; 訣; 趹; 鴃; 缺; 吷; 抉,8,6,夬; 決; 袂; 訣; 缺; 快,11,夬; 決; 玦; 袂; 訣; 趹; 鴃; 缺; 吷; 抉
20-04,20,4,280,252,no,no,0,,3,2,軋; 札,2,2,軋; 札,2,軋; 札
20-05,20,5,1256a,252,no,no,0,,1,1,隉,0,0,,1,隉
20-06,20,6,331,252,no,no,0,,1,1,帠,0,0,,1,帠
20-07,20,7,285,252,no,no,0,,5,4,臬; 闑; 臲; 㓷,3,2,闑; 㓷,4,臬; 闑; 臲; 㓷
20-08,20,8,290,252,no,no,0,,1,1,設,1,1,設,1,設
20-09,20,9,1256,252,no,no,0,,7,6,隉; 鐵; 驖; 㞕; 屑; 觼,1,1,鐵,6,隉; 鐵; 驖; 㞕; 屑; 觼
20-10,20,10,288,252,no,no,0,,1,1,舌,1,1,舌,1,舌
20-11,20,11,309,253,no,no,0,,1,1,竊,1,1,竊,1,竊
20-12,20,12,310,253,no,no,0,,2,2,𢧵; 截,0,0,,2,𢧵; 截
20-13,20,13,330,253,no,no,0,,12,11,埶; 蓺; 藝; 摰; 槷; 囈; 熱; 爇; 勢; 暬,9,8,埶; 蓺; 藝; 槷; 熱; 爇; 勢; 褻,11,埶; 蓺; 藝; 摰; 槷; 囈; 熱; 爇; 勢; 暬
20-14,20,14,281,253,no,no,0,,1,1,八,1,1,八,1,八
20-15,20,15,292,253,no,no,0,,2,1,別,2,1,別,1,別
20-16,20,16,341,253,no,no,0,,12,11,敝; 幣; 弊; 斃; 獘; 蔽; 鷩; 虌; 鱉; 憋,5,5,敝; 幣; 斃; 蔽; 鱉,11,敝; 幣; 弊; 斃; 獘; 蔽; 鷩; 虌; 鱉; 憋
20-17,20,17,328,254,no,no,0,,1,1,拜,1,1,拜,1,拜
20-18,20,18,311,254,no,no,0,,8,8,蔑; 幭; 懱; 䁾; 𥣫; 篾; 韈; 韤,3,3,蔑; 幭; 韈,8,蔑; 幭; 懱; 䁾; 𥣫; 篾; 韈; 韤
20-19,20,19,294,254,no,no,0,,3,3,烕; 滅; 𡟬,2,2,烕; 滅,3,烕; 滅; 𡟬
21-01,21,1,313,255,no,no,0,,38,24,匃; 藹; 曷; 毼; 蝎; 褐; 鶡; 葛; 渴; 喝,15,10,匃; 曷; 褐; 渴; 遏; 揭; 竭; 愒; 歇; 謁,24,匃; 藹; 曷; 毼; 蝎; 褐; 鶡; 葛; 渴; 喝
21-02,21,2,314,256,no,no,0,,6,5,害; 犗; 割; 轄; 豁,5,4,害; 犗; 割; 轄,5,害; 犗; 割; 轄; 豁
21-03,21,3,282,256,no,no,0,,1,1,舝,0,0,,1,舝
21-04,21,4,283,257,no,no,0,,1,1,孑,0,0,,1,孑
21-05,21,5,284,257,no,no,0,,3,2,桀; 傑,4,2,桀; 傑,2,桀; 傑
21-06,21,6,329,257,no,no,0,,1,1,憩,0,0,,1,憩
21-07,21,7,332,257,no,no,0,,1,1,瘞,0,0,,1,瘞
21-08,21,8,268,257,no,no,0,,1,1,枿,0,0,,1,枿
21-09,21,9,269,257,no,no,0,,2,2,歺; 歹,0,0,,2,歺; 歹
21-10,21,10,347,257,no,no,0,,4,3,乂; 刈; 艾,3,2,乂; 艾,3,乂; 刈; 艾
21-11,21,11,289,257,no,no,0,,9,8,辥; 薛; 𧀼; 躠; 孼; 蠥; 糱; 櫱,0,0,,8,辥; 薛; 𧀼; 躠; 孼; 蠥; 糱; 櫱
21-12,21,12,317,258,no,no,0,,15,8,大; 太; 汏; 汰; 軑; 忕; 杕; 釱,5,4,大; 太; 汰; 杕,8,大; 太; 汏; 汰; 軑; 忕; 杕; 釱
21-13,21,13,316,258,no,no,0,,1,1,泰,1,1,泰,1,泰
21-14,21,14,271,258,no,no,0,,5,4,𦍒; 達; 撻; 闥,2,2,𦍒; 達,4,𦍒; 達; 撻; 闥
21-15,21,15,315,258,no,no,0,,8,6,帶; 滯; 蔕; 墆; 遰; 懘,1,1,帶,6,帶; 滯; 蔕; 墆; 遰; 懘
21-16,21,16,336,259,no,no,0,,4,4,筮; 簭; 噬; 澨,1,1,噬,4,筮; 簭; 噬; 澨
21-17,21,17,335,259,no,no,0,,5,4,制; 製; 掣; 猘,3,3,制; 製; 猘,4,制; 製; 掣; 猘
21-18,21,18,334,259,no,no,0,,1,1,彘,1,1,彘,1,彘
21-19,21,19,287,259,no,no,0,,14,10,折; 哲; 悊; 蜇; 硩; 晣; 晢; 誓; 逝; 哳,9,6,狾; 折; 哲; 晢; 誓; 逝,11,折; 哲; 悊; 蜇; 硩; 晣; 晢; 誓; 逝; 哳
21-20,21,20,286,259,no,no,0,,7,5,撤; 徹; 澈; 轍; 𨅊,5,3,撤; 徹; 轍,5,撤; 徹; 澈; 轍; 𨅊
21-21,21,21,338,259,no,no,0,,3,3,曳; 洩; 絏,1,1,絏,3,曳; 洩; 絏
21-22,21,22,333,259,no,no,0,,1,1,裔,0,0,,1,裔
21-23,21,23,339,260,no,no,0,,12,11,世; 貰; 抴; 枻; 詍; 泄; 紲; 靾; 勩; 渫,4,3,世; 貰; 泄,11,世; 貰; 抴; 枻; 詍; 泄; 紲; 靾; 勩; 渫
21-24,21,24,272,260,no,no,0,,8,6,剌; 賴; 瀨; 籟; 藾; 獺,6,6,懶; 剌; 賴; 瀨; 籟; 獺,7,剌; 賴; 瀨; 籟; 藾; 獺; 懶
21-25,21,25,291,260,no,no,0,,10,9,列; 冽; 洌; 烈; 茢; 裂; 栵; 例; 㾐,2,2,列; 烈,9,列; 冽; 洌; 烈; 茢; 裂; 栵; 例; 㾐
21-26,21,26,326; 340; 267,260,no,no,0,,13,11,蠆; 厲; 礪; 勵; 癘; 𧓽; 蠣; 糲; 萬; 勱,10,6,蠆; 厲; 礪; 蠣; 糲; 萬,11,蠆; 厲; 礪; 勵; 癘; 𧓽; 蠣; 糲; 萬; 勱
21-27,21,27,318,261,no,no,0,,2,2,柰; 奈,0,0,,2,柰; 奈
21-28,21,28,337,261,no,no,0,,8,7,祭; 穄; 際; 傺; 瘵; 蔡; 察,5,5,祭; 穄; 際; 蔡; 察,7,祭; 穄; 際; 傺; 瘵; 蔡; 察
21-29,21,29,319,261,no,no,0,,7,5,杀; 殺; 閷; 樧; 摋,3,2,殺; 摋,5,杀; 殺; 閷; 樧; 摋
21-30,21,30,275,262,no,no,0,,8,6,癶; 癹; 發; 撥; 襏; 廢,3,3,發; 撥; 廢,6,癶; 癹; 發; 撥; 襏; 廢
21-31,21,31,276,262,no,no,0,,19,15,犮; 跋; 魃; 坺; 軷; 胈; 茇; 拔; 髮; 瞂,6,4,茇; 拔; 紱; 祓,15,犮; 跋; 魃; 坺; 軷; 胈; 茇; 拔; 髮; 瞂
21-33,21,33,307,263,no,no,0,,2,2,伐; 茷,2,2,伐; 茷,2,伐; 茷
21-34,21,34,308,263,no,no,0,,1,1,罰,1,1,罰,1,罰
21-35,21,35,320,263,no,no,0,,4,3,貝; 敗; 𣀕,2,1,敗,3,貝; 敗; 𣀕
21-36,21,36,348,263,no,no,0,,1,1,吠,1,1,吠,1,吠
21-37,21,37,277,263,no,no,0,,4,3,末; 沫; 秣,1,1,末,3,末; 沫; 秣
21-38,21,38,293,263,no,no,0,,0,0,,0,0,,0,
22-01,22,1,302,264,no,no,0,,13,12,氒; 舌; 括; 栝; 聒; 髺; 佸; 活; 刮; 話,4,3,刮; 話; 闊,12,氒; 舌; 括; 栝; 聒; 髺; 佸; 活; 刮; 話
22-02,22,2,301,265,no,no,0,,15,11,欮; 厥; 蕨; 蟩; 蹷; 蹶; 闕; 撅; 橛; 橜,3,3,厥; 蕨; 闕,11,欮; 厥; 蕨; 蟩; 蹷; 蹶; 闕; 撅; 橛; 橜
22-03,22,3,321,265,no,no,0,,18,12,會; 廥; 旝; 澮; 膾; 襘; 檜; 禬; 繪; 噲,3,2,會; 澮,12,會; 廥; 旝; 澮; 膾; 襘; 檜; 禬; 繪; 噲
22-04,22,4,304,265,no,no,0,,6,4,曰; 𢪏; 汩; 汨,2,2,曰; 汩,4,曰; 𢪏; 汩; 汨
22-05,22,5,303; 346,266,no,no,0,,15,11,戉; 鉞; 越; 狘; 歲; 顪; 翽; 濊; 穢; 噦,8,8,戉; 鉞; 越; 歲; 顪; 翽; 濊; 穢,11,戉; 鉞; 越; 狘; 歲; 顪; 翽; 濊; 穢; 噦
22-06,22,6,305,266,no,no,0,,1,1,粵,1,1,粵,1,粵
22-07,22,7,273,266,no,no,0,,2,2,𥄗; 𢯲,0,0,,2,𥄗; 𢯲
22-08,22,8,306; 322,266,no,no,0,,6,5,月; 抈; 刖; 跀; 外,3,3,月; 刖; 外,5,月; 抈; 刖; 跀; 外
22-09,22,9,274,266,no,no,0,,2,1,奪,1,1,奪,1,奪
22-10,22,10,295,266,no,no,0,,18,11,叕; 綴; 啜; 惙; 輟; 畷; 剟; 掇; 歠; 錣,4,3,叕; 啜; 掇,11,叕; 綴; 啜; 惙; 輟; 畷; 剟; 掇; 歠; 錣
22-11,22,11,343,267,no,no,0,,1,1,贅,0,0,,1,贅
22-12,22,12,344,267,no,no,0,,1,1,叡,0,0,,1,叡
22-13,22,13,324,267,no,no,0,,24,14,兌; 駾; 蛻; 銳; 帨; 涗; 稅; 敓; 挩; 脫,18,10,兌; 蛻; 銳; 帨; 稅; 挩; 脫; 悅; 閱; 說,14,兌; 駾; 蛻; 銳; 帨; 涗; 稅; 敓; 挩; 脫
22-14,22,14,299,268,no,no,0,,4,4,寽; 鋝; 埒; 捋,1,1,捋,4,寽; 鋝; 埒; 捋
22-16,22,16,296,268,no,no,0,,5,4,絕; 蕝; 脃; 脆,1,1,絕,4,絕; 蕝; 脃; 脆
22-17,22,17,345,268,no,no,0,,6,3,毳; 竁; 膬,2,1,毳,3,毳; 竁; 膬
22-18,22,18,297,268,no,no,0,,1,1,雪,1,1,雪,1,雪
22-19,22,19,298,268,no,no,0,,2,1,刷,2,1,刷,1,刷
23-01,23,1,240,269,no,no,0,,7,4,肩; 𧱚; 猏; 顅,1,1,肩,4,肩; 𧱚; 猏; 顅
23-02,23,2,241,269,no,no,0,,9,5,見; 現; 俔; 睍; 莧,6,4,硯; 見; 現; 俔,6,見; 現; 俔; 睍; 莧; 硯
23-03,23,3,239,269,no,no,0,,10,8,幵; 豣; 趼; 汧; 蚈; 硏; 研; 枅,7,6,妍; 幵; 豣; 硏; 研; 枅,9,幵; 豣; 趼; 汧; 蚈; 硏; 研; 枅; 妍
23-04,23,4,196,270,no,no,0,,4,3,遣; 繾; 譴,2,1,遣,3,遣; 繾; 譴
23-05,23,5,191,270,no,no,0,,9,8,閒; 間; 簡; 蕑; 僩; 瞷; 澗; 撊,7,4,間; 簡; 蕑; 澗,8,閒; 間; 簡; 蕑; 僩; 瞷; 澗; 撊
23-06,23,6,192,270,no,no,0,,1,1,閑,4,1,閑,1,閑
23-07,23,7,185,270,no,no,0,,15,13,柬; 諫; 揀; 闌; 湅; 練; 鍊; 瀾; 爛; 爤,8,8,柬; 諫; 揀; 闌; 練; 爛; 爤; 蘭,13,柬; 諫; 揀; 闌; 湅; 練; 鍊; 瀾; 爛; 爤
23-08,23,8,1250f,271,no,no,0,,1,1,蠲,0,0,,1,蠲
23-09,23,9,248,271,no,no,0,,3,2,縣; 懸,3,2,縣; 懸,2,縣; 懸
23-10,23,10,227,271,no,no,0,,10,9,員; 圓; 塤; 殞; 縜; 隕; 磒; 霣; 㜏,5,4,員; 圓; 塤; 隕,9,員; 圓; 塤; 殞; 縜; 隕; 磒; 霣; 㜏
23-11,23,11,829; 256h,271,no,no,0,,5,3,瞏; 嬛; 睘,2,2,瞏; 睘,3,瞏; 嬛; 睘
23-12,23,12,167,272,no,no,0,,9,8,奐; 渙; 煥; 寏; 換; 敻; 讂; 瓊,1,1,渙,8,奐; 渙; 煥; 寏; 換; 敻; 讂; 瓊
23-13,23,13,1248c,272,no,no,0,,1,1,幻,0,0,,1,幻
23-14,23,14,236,272,no,no,0,,4,4,旋; 嫙; 璇; 琁,2,1,旋,4,旋; 嫙; 璇; 琁
23-15,23,15,243,272,no,no,0,,5,4,燕; 嚥; 㬫; 讌,2,1,燕,4,燕; 嚥; 㬫; 讌
23-16,23,16,242,272,no,no,0,,2,2,顯; 韅,1,1,顯,2,顯; 韅
23-17,23,17,228,272,no,no,0,,15,11,肙; 蜎; 悁; 㾓; 狷; 絹; 捐; 涓; 睊; 鞙,11,8,㘣; 肙; 蜎; 悁; 絹; 捐; 鞙; 駽,12,肙; 蜎; 悁; 㾓; 狷; 絹; 捐; 涓; 睊; 鞙
23-18,23,18,244,273,no,no,0,,1,1,靦,0,0,,1,靦
23-19,23,19,1250e,273,no,no,0,,2,1,晛,0,0,,1,晛
23-20,23,20,245,273,no,no,0,,9,8,前; 揃; 湔; 煎; 箭; 翦; 剪; 鬋,3,3,前; 箭; 翦,8,前; 揃; 湔; 煎; 箭; 翦; 剪; 鬋
23-21,23,21,209,273,no,no,0,,3,2,鮮; 癬,3,2,鮮; 癬,2,鮮; 癬
23-22,23,22,211,273,no,no,0,,1,1,鱻,0,0,,1,鱻
23-23,23,23,210,273,no,no,0,,1,1,尟,0,0,,1,尟
23-24,23,24,218,274,no,no,0,,1,1,片,1,1,片,1,片
23-25,23,25,221,274,no,no,0,,6,3,便; 楩; 鞭,3,2,便; 鞭,3,便; 楩; 鞭
23-26,23,26,224,274,no,no,0,,4,4,臱; 櫋; 邊; 籩,1,1,邊,4,臱; 櫋; 邊; 籩
23-27,23,27,246,274,no,no,0,,19,13,扁; 徧; 遍; 楄; 編; 惼; 褊; 偏; 猵; 篇,9,7,扁; 徧; 編; 偏; 篇; 翩; 諞,13,扁; 徧; 遍; 楄; 編; 惼; 褊; 偏; 猵; 篇
23-28,23,28,219,275,no,no,0,,6,5,辡; 辨; 辧; 辯; 辦,3,3,辨; 辯; 辦,5,辡; 辨; 辧; 辯; 辦
23-29,23,29,225,275,no,no,0,,2,2,綿; 緜,0,0,,2,綿; 緜
23-31,23,31,223,275,no,no,0,,4,4,面; 偭; 湎; 緬,2,2,面; 湎,4,面; 偭; 湎; 緬
23-32,23,32,247,275,no,no,0,,4,3,丏; 眄; 沔,2,2,眄; 沔,3,丏; 眄; 沔
24-01,24,1,139,276,no,no,0,,33,31,干; 馯; 奸; 犴; 姧; 豻; 忓; 岸; 旰; 罕,15,13,干; 奸; 豻; 岸; 罕; 軒; 秆; 竿; 肝; 飦,31,干; 馯; 奸; 犴; 姧; 豻; 忓; 岸; 旰; 罕
24-02,24,2,140,277,no,no,0,,14,11,倝; 乾; 幹; 榦; 翰; 𩏑; 韓; 鶾; 簳; 斡,6,4,乾; 翰; 韓; 簳,11,倝; 乾; 幹; 榦; 翰; 𩏑; 韓; 鶾; 簳; 斡
24-03,24,3,141,277,no,no,0,,4,2,侃; 諐,1,1,𩱡,3,侃; 諐; 𩱡
24-05,24,5,143,277,no,no,0,,9,7,寒; 搴; 謇; 蹇; 褰; 騫; 攓,2,2,寒; 褰,7,寒; 搴; 謇; 蹇; 褰; 騫; 攓
24-07,24,7,198,278,no,no,0,,1,1,虔,1,1,虔,1,虔
24-08,24,8,249,278,no,no,0,,12,8,建; 揵; 鞬; 騝; 腱; 健; 楗; 鍵,1,1,建,8,建; 揵; 鞬; 騝; 腱; 健; 楗; 鍵
24-09,24,9,184,278,no,no,0,,1,1,姦,1,1,姦,1,姦
24-10,24,10,144,278,no,no,0,,5,3,暵; 熯; 漢,3,2,暵; 漢,3,暵; 熯; 漢
24-11,24,11,146,278,no,no,0,,9,7,安; 按; 案; 晏; 鴳; 頞; 鷃,10,8,鞌; 鞍; 安; 按; 案; 晏; 鴳; 頞,9,安; 按; 案; 晏; 鴳; 頞; 鷃; 鞌; 鞍
24-12,24,12,253,279,no,no,0,,9,8,妟; 宴; 匽; 偃; 郾; 鰋; 蝘; 揠,3,3,宴; 偃; 揠,8,妟; 宴; 匽; 偃; 郾; 鰋; 蝘; 揠
24-13,24,13,254,279,no,no,0,,1,1,㫃,0,0,,1,㫃
24-14,24,14,200,279,no,no,0,,3,2,焉; 嘕,2,1,焉,2,焉; 嘕
24-15,24,15,145; 186,279,no,no,0,,3,3,厂; 鴈; 雁,4,3,厂; 鴈; 雁,3,厂; 鴈; 雁
24-16,24,16,251,279,no,no,0,,5,4,言; 唁; 誾; 狺,4,2,言; 誾,4,言; 唁; 誾; 狺
24-17,24,17,252,279,no,no,0,,9,6,鬳; 甗; 獻; 巘; 讞; 𣡌,9,5,鬳; 甗; 獻; 巘; 讞,6,鬳; 甗; 獻; 巘; 讞; 𣡌
24-18,24,18,250,280,no,no,0,,2,2,憲; 瀗,0,0,,2,憲; 瀗
24-19,24,19,199,280,no,no,0,,4,4,彥; 諺; 顏; 喭,3,2,諺; 顏,4,彥; 諺; 顏; 喭
24-20,24,20,150,280,no,no,0,,2,2,丹; 旃,1,1,丹,2,丹; 旃
24-21,24,21,147,280,no,no,0,,37,26,單; 墠; 禪; 觶; 驒; 僤; 鼉; 匰; 殫; 簞,12,8,單; 禪; 觶; 鄲; 嘽; 彈; 戰; 蟬,26,單; 墠; 禪; 觶; 驒; 僤; 鼉; 匰; 殫; 簞
24-22,24,22,149,281,no,no,0,,6,6,旦; 鴠; 坦; 但; 袒; 怛,3,3,旦; 坦; 但,6,旦; 鴠; 坦; 但; 袒; 怛
24-23,24,23,148,281,no,no,0,,25,19,亶; 𤺺; 儃; 壇; 檀; 澶; 襢; 皽; 邅; 鱣,13,10,亶; 襢; 鱣; 氈; 饘; 鸇; 擅; 羶; 羴; 膻,20,亶; 𤺺; 儃; 壇; 檀; 澶; 襢; 皽; 邅; 鱣
24-24,24,24,151,281,no,no,0,,1,1,炭,1,1,炭,1,炭
24-25,24,25,205,281,no,no,0,,3,3,善; 膳; 繕,2,2,善; 繕,3,善; 膳; 繕
24-26,24,26,201,282,no,no,0,,4,3,展; 輾; 蹍,3,3,展; 輾; 蹍,3,展; 輾; 蹍
24-27,24,27,202,282,no,no,0,,1,1,蕆,0,0,,1,蕆
24-28,24,28,204,282,no,no,0,,3,3,廛; 躔; 纏,3,3,廛; 躔; 纏,3,廛; 躔; 纏
24-29,24,29,197,282,no,no,0,,4,3,衍; 愆; 餰,3,3,衍; 愆; 餰,3,衍; 愆; 餰
24-30,24,30,203,282,no,no,0,,7,7,延; 筵; 綖; 梴; 埏; 挻; 誕,2,2,延; 筵,7,延; 筵; 綖; 梴; 埏; 挻; 誕
24-31,24,31,207,282,no,no,0,,3,1,羡,2,1,羨,2,羡; 羨
24-32,24,32,213,282,no,no,0,,5,4,連; 漣; 璉; 蓮,3,3,僆; 漣; 蓮,5,連; 漣; 璉; 蓮; 僆
24-33,24,33,214,283,no,no,0,,1,1,聯,0,0,,1,聯
24-34,24,34,215,283,no,no,0,,1,1,輦,1,1,輦,1,輦
24-35,24,35,152,283,no,no,0,,15,9,嘆; 歎; 難; 𪄿; 戁; 㸐; 儺; 臡; 灘,7,6,嘆; 歎; 難; 㸐; 儺; 灘,9,嘆; 歎; 難; 𪄿; 戁; 㸐; 儺; 臡; 灘
24-36,24,36,217,283,no,no,0,,2,2,然; 燃,2,2,然; 燃,2,然; 燃
24-37,24,37,216,284,no,no,0,,2,2,㞋; 赧,0,0,,2,㞋; 赧
24-38,24,38,212,284,no,no,0,,3,3,扇; 傓; 煽,1,1,扇,3,扇; 傓; 煽
24-39,24,39,153,284,no,no,0,,12,11,贊; 賛; 讚; 瓚; 瓉; 纘; 酇; 鑽; 欑; 櫕,2,2,贊; 鑽,11,贊; 賛; 讚; 瓚; 瓉; 纘; 酇; 鑽; 欑; 櫕
24-40,24,40,154,284,no,no,0,,3,3,𣦼; 粲; 餐,1,1,粲,3,𣦼; 粲; 餐
24-41,24,41,155,284,no,no,0,,26,17,戔; 殘; 棧; 琖; 盞; 醆; 剗; 錢; 淺; 俴,9,7,戔; 殘; 棧; 淺; 俴; 賤; 踐,17,戔; 殘; 棧; 琖; 盞; 醆; 剗; 錢; 淺; 俴
24-42,24,42,206,285,no,no,0,,3,3,𠨧; 僊; 遷,3,3,𠨧; 僊; 遷,3,𠨧; 僊; 遷
24-43,24,43,208,285,no,no,0,,7,4,孱; 潺; 僝; 轏,1,1,轏,4,孱; 潺; 僝; 轏
24-44,24,44,156,285,no,no,0,,6,3,散; 潸; 霰,3,2,散; 霰,3,散; 潸; 霰
24-45,24,45,193,285,no,no,0,,5,4,山; 汕; 訕; 仙,2,2,山; 仙,4,山; 汕; 訕; 仙
24-46,24,46,194,286,no,no,0,,1,1,產,1,1,產,1,產
24-47,24,47,181,286,no,no,0,,16,13,半; 靽; 伴; 判; 拌; 泮; 牉; 胖; 頖; 柈,4,4,半; 伴; 判; 畔,13,半; 靽; 伴; 判; 拌; 泮; 牉; 胖; 頖; 柈
24-48,24,48,182,286,no,no,0,,7,6,般; 槃; 盤; 磐; 縏; 鞶,1,1,盤,6,般; 槃; 盤; 磐; 縏; 鞶
24-49,24,49,262,286,no,no,0,,13,10,反; 返; 販; 阪; 飯; 板; 版; 鈑; 扳; 昄,8,6,反; 返; 阪; 飯; 板; 扳,10,反; 返; 販; 阪; 飯; 板; 版; 鈑; 扳; 昄
24-50,24,50,263,286,no,no,0,,3,3,棥; 樊; 攀,0,0,,3,棥; 樊; 攀
24-51,24,51,264,287,no,no,0,,2,2,煩; 𨆌,1,1,煩,2,煩; 𨆌
24-52,24,52,265,287,no,no,0,,4,3,緐; 繁; 蘩,1,1,繁,3,緐; 繁; 蘩
24-53,24,53,190,287,no,no,0,,2,2,班; 斑,0,0,,2,班; 斑
24-54,24,54,195,287,no,no,0,,21,17,釆; 番; 幡; 旛; 轓; 繙; 燔; 璠; 膰; 蹯,9,7,釆; 番; 燔; 蕃; 播; 皤; 藩,17,釆; 番; 幡; 旛; 轓; 繙; 燔; 璠; 膰; 蹯
24-55,24,55,220,287,no,no,0,,8,6,弁; 卞; 抃; 拚; 犿; 笲,2,2,弁; 卞,6,弁; 卞; 抃; 拚; 犿; 笲
24-56,24,56,266,288,no,no,0,,16,11,曼; 蔓; 嫚; 僈; 慢; 墁; 幔; 縵; 鄤; 漫,6,5,曼; 蔓; 慢; 幔; 漫,11,曼; 蔓; 嫚; 僈; 慢; 墁; 幔; 縵; 鄤; 漫
24-57,24,57,183,288,no,no,0,,11,6,㒼; 滿; 瞞; 樠; 璊; 懣,2,2,瞞; 璊,6,㒼; 滿; 瞞; 樠; 璊; 懣
24-58,24,58,222,288,no,no,0,,15,12,免; 俛; 勉; 冕; 悗; 鞔; 娩; 晚; 脕; 輓,4,4,免; 俛; 冕; 晚,12,免; 俛; 勉; 冕; 悗; 鞔; 娩; 晚; 脕; 輓
25-01,25,1,157,290,no,no,0,,14,11,官; 棺; 涫; 痯; 管; 琯; 錧; 館; 倌; 逭,4,4,官; 棺; 管; 館,11,官; 棺; 涫; 痯; 管; 琯; 錧; 館; 倌; 逭
25-02,25,2,158,290,no,no,0,,16,15,雚; 鸛; 灌; 爟; 瓘; 觀; 歡; 懽; 驩; 嚾,7,6,吅; 雚; 觀; 歡; 權; 勸,16,雚; 鸛; 灌; 爟; 瓘; 觀; 歡; 懽; 驩; 嚾
25-03,25,3,159,290,no,no,0,,7,5,貫; 摜; 慣; 串; 患,6,5,貫; 摜; 慣; 串; 患,5,貫; 摜; 慣; 串; 患
25-05,25,5,161,291,no,no,0,,2,1,盥,0,0,,1,盥
25-06,25,6,162,291,no,no,0,,2,2,款; 窾,0,0,,2,款; 窾
25-07,25,7,165,291,no,no,0,,2,2,萈; 寬,1,1,寬,2,萈; 寬
25-08,25,8,166,291,no,no,0,,1,1,萑,0,0,,1,萑
25-09,25,9,187,291,no,no,0,,3,2,丱; 關,2,1,關,2,丱; 關
25-10,25,10,188,291,no,no,0,,1,1,宦,1,1,宦,1,宦
25-11,25,11,226,291,no,no,0,,24,16,卷; 睠; 眷; 棬; 鬈; 捲; 拳; 蜷; 倦; 勌,5,4,卷; 睠; 鬈; 拳,16,卷; 睠; 眷; 棬; 鬈; 捲; 拳; 蜷; 倦; 勌
25-12,25,12,164,292,no,no,0,,19,14,亘; 桓; 洹; 狟; 荁; 貆; 垣; 咺; 晅; 烜,7,7,亘; 桓; 貆; 垣; 咺; 烜; 宣,14,亘; 桓; 洹; 狟; 荁; 貆; 垣; 咺; 晅; 烜
25-13,25,13,167,292,no,no,0,,9,8,奐; 渙; 煥; 寏; 換; 敻; 讂; 瓊,1,1,渙,8,奐; 渙; 煥; 寏; 換; 敻; 讂; 瓊
25-14,25,14,255,292,no,no,0,,15,11,爰; 猨; 援; 瑗; 媛; 湲; 煖; 暖; 諼; 緩,6,6,爰; 猨; 援; 媛; 諼; 緩,11,爰; 猨; 援; 瑗; 媛; 湲; 煖; 暖; 諼; 緩
25-15,25,15,256,293,no,no,0,,25,20,袁; 翾; 園; 獧; 猿; 噮; 榬; 轅; 遠; 睘,13,11,袁; 翾; 園; 轅; 遠; 睘; 還; 環; 擐; 圜,20,袁; 翾; 園; 獧; 猿; 噮; 榬; 轅; 遠; 睘
25-16,25,16,163,293,no,no,0,,5,5,丸; 𤴯; 紈; 芄; 骫,2,2,丸; 骫,5,丸; 𤴯; 紈; 芄; 骫
25-17,25,17,260,293,no,no,0,,22,17,宛; 怨; 苑; 鴛; 眢; 婉; 惌; 晼; 畹; 鵷,6,5,夗; 宛; 怨; 苑; 婉,18,宛; 怨; 苑; 鴛; 眢; 婉; 惌; 晼; 畹; 鵷
25-18,25,18,261,294,no,no,0,,1,1,冤,0,0,,1,冤
25-19,25,19,257,294,no,no,0,,25,19,元; 芫; 黿; 魭; 頑; 刓; 园; 忨; 玩; 翫,6,6,元; 玩; 翫; 完; 筦; 院,19,元; 芫; 黿; 魭; 頑; 刓; 园; 忨; 玩; 翫
25-20,25,20,258,295,no,no,0,,7,7,原; 源; 愿; 謜; 願; 騵; 豲,3,2,原; 願,7,原; 源; 愿; 謜; 願; 騵; 豲
25-21,25,21,259,295,no,no,0,,1,1,邍,0,0,,1,邍
25-22,25,22,170,295,no,no,0,,3,1,斷,3,1,斷,1,斷
25-23,25,23,172,295,no,no,0,,5,3,段; 鍛; 腶,1,1,段,3,段; 鍛; 腶
25-24,25,24,168,295,no,no,0,,18,13,耑; 端; 剬; 褍; 鍴; 湍; 喘; 諯; 輲; 遄,4,4,耑; 端; 喘; 揣,13,耑; 端; 剬; 褍; 鍴; 湍; 喘; 諯; 輲; 遄
25-25,25,25,231,295,no,no,0,,21,13,專; 剸; 篿; 轉; 傳; 縳; 膞; 鱄; 竱; 團,5,3,專; 轉; 傳,13,專; 剸; 篿; 轉; 傳; 縳; 膞; 鱄; 竱; 團
25-26,25,26,232,296,no,no,0,,1,1,穿,1,1,穿,1,穿
25-27,25,27,233,296,no,no,0,,1,1,舛,1,1,舛,1,舛
25-28,25,28,171,296,no,no,0,,10,9,彖; 褖; 蝝; 緣; 椽; 瑑; 篆; 腞; 喙,6,4,彖; 緣; 椽; 喙,9,彖; 褖; 蝝; 緣; 椽; 瑑; 篆; 腞; 喙
25-29,25,29,229,297,no,no,0,,5,5,㕣; 沿; 鉛; 兗; 船,2,2,沿; 船,5,㕣; 沿; 鉛; 兗; 船
25-30,25,30,230,297,no,no,0,,1,1,鳶,0,0,,1,鳶
25-31,25,31,178,297,no,no,0,,15,13,䜌; 巒; 欒; 灓; 鑾; 鸞; 臠; 孌; 戀; 攣,9,8,䜌; 欒; 鑾; 孌; 戀; 變; 蠻; 孿,13,䜌; 巒; 欒; 灓; 鑾; 鸞; 臠; 孌; 戀; 攣
25-32,25,32,179,297,no,no,0,,1,1,卵,2,1,卵,1,卵
25-33,25,33,180,297,no,no,0,,2,2,𤔔; 亂,1,1,亂,2,𤔔; 亂
25-34,25,34,189,297,no,no,0,,2,1,奻,0,0,,1,奻
25-35,25,35,238,298,no,no,0,,14,11,耎; 輭; 蝡; 蠕; 瑌; 瓀; 偄; 渜; 煗; 㨎,0,0,,11,耎; 輭; 蝡; 蠕; 瑌; 瓀; 偄; 渜; 煗; 㨎
25-36,25,36,176,298,no,no,0,,1,1,竄,1,1,竄,1,竄
25-37,25,37,177,298,no,no,0,,1,1,爨,0,0,,1,爨
25-38,25,38,234,298,no,no,0,,8,8,全; 仝; 牷; 痊; 筌; 荃; 銓; 輇,1,1,全,8,全; 仝; 牷; 痊; 筌; 荃; 銓; 輇
25-39,25,39,235,298,no,no,0,,4,4,雋; 臇; 鐫; 儁,0,0,,4,雋; 臇; 鐫; 儁
25-40,25,40,237,298,no,no,0,,2,2,泉; 線,1,1,泉,2,泉; 線
25-41,25,41,1249a,298,no,no,0,,2,1,縓,0,0,,1,縓
25-42,25,42,173,299,no,no,0,,1,1,筭,0,0,,1,筭
25-43,25,43,174,299,no,no,0,,6,5,算; 匴; 篹; 纂; 篡,1,1,纂,5,算; 匴; 篹; 纂; 篡
25-44,25,44,175,299,no,no,0,,2,2,祘; 蒜,0,0,,2,祘; 蒜
26-01,26,1,586,301,no,no,0,,1,1,笄,1,1,笄,1,笄
26-02,26,2,587,301,no,no,0,,2,1,卟,0,0,,1,卟
26-03,26,3,1241a,301,no,no,0,,1,1,計,1,1,計,1,計
26-04,26,4,588,301,no,no,0,,4,4,启; 啟; 綮; 晵,1,1,启,4,启; 啟; 綮; 晵
26-05,26,5,1241,301,no,no,0,,14,12,計; 繼; 兮; 盻; 醯; 替; 暜; 細; 隸; 盭,4,4,計; 兮; 替; 細,12,計; 繼; 兮; 盻; 醯; 替; 暜; 細; 隸; 盭
26-06,26,6,552,301,no,no,0,,13,12,旨; 指; 脂; 鮨; 䭫; 詣; 耆; 鰭; 鬐; 稽,13,10,旨; 指; 脂; 䭫; 詣; 耆; 鰭; 稽; 嗜; 蓍,12,旨; 指; 脂; 鮨; 䭫; 詣; 耆; 鰭; 鬐; 稽
26-07,26,7,553,302,no,no,0,,4,3,示; 視; 祁,3,2,示; 視,3,示; 視; 祁
26-08,26,8,602,302,no,no,0,,5,5,几; 机; 肌; 𩨒; 飢,4,4,几; 机; 肌; 飢,5,几; 机; 肌; 𩨒; 飢
26-09,26,9,599,302,no,no,0,,8,8,皆; 偕; 喈; 階; 楷; 湝; 諧; 揩,4,4,皆; 偕; 喈; 階,8,皆; 偕; 喈; 階; 楷; 湝; 諧; 揩
26-10,26,10,605,302,no,no,0,,7,7,癸; 揆; 戣; 葵; 騤; 睽; 闋,1,1,癸,7,癸; 揆; 戣; 葵; 騤; 睽; 闋
26-11,26,11,1241i,303,no,no,0,,1,1,醯,0,0,,1,醯
26-12,26,12,589,303,no,no,0,,6,5,医; 殹; 繄; 翳; 鷖,1,1,鷖,5,医; 殹; 繄; 翳; 鷖
26-13,26,13,604,303,no,no,0,,2,2,伊; 咿,2,2,伊; 咿,2,伊; 咿
26-14,26,14,590,303,no,no,0,,24,18,氐; 底; 柢; 低; 弤; 抵; 羝; 邸; 詆; 胝,7,6,氐; 抵; 坻; 蚳; 砥; 鴟,18,氐; 底; 柢; 低; 弤; 抵; 羝; 邸; 詆; 胝
26-15,26,15,591,303,no,no,0,,16,12,弟; 娣; 第; 悌; 稊; 綈; 𦯔; 鵜; 睇; 梯,8,6,弟; 娣; 第; 睇; 梯; 涕,12,弟; 娣; 第; 悌; 稊; 綈; 𦯔; 鵜; 睇; 梯
26-16,26,16,595; 596,304,no,no,0,,8,8,屖; 遟; 稺; 𦃘; 犀; 墀; 遲; 穉,4,4,屖; 稺; 犀; 遲,8,屖; 遟; 稺; 𦃘; 犀; 墀; 遲; 穉
26-17,26,17,551,304,no,no,0,,10,8,夷; 侇; 姨; 洟; 痍; 䧅; 桋; 荑,2,2,夷; 洟,8,夷; 侇; 姨; 洟; 痍; 䧅; 桋; 荑
26-18,26,18,1237c,304,no,no,0,,1,1,彝,1,1,彝,1,彝
26-19,26,19,560,304,no,no,0,,10,7,矢; 屎; 雉; 矧; 矤; 䀢; 薙,2,2,矢; 薙,7,矢; 屎; 雉; 矧; 矤; 䀢; 薙
26-20,26,20,561,305,no,no,0,,3,3,尸; 屍; 鳲,4,3,尸; 屍; 屎,4,尸; 屍; 鳲; 屎
26-21,26,21,556,305,no,no,0,,1,1,兕,1,1,兕,1,兕
26-22,26,22,562,305,no,no,0,,1,1,履,1,1,履,1,履
26-23,26,23,597,305,no,no,0,,5,5,豊; 禮; 醴; 鱧; 體,2,2,禮; 體,5,豊; 禮; 醴; 鱧; 體
26-24,26,24,519,305,no,no,0,,10,9,利; 𥝢; 犁; 梨; 棃; 黧; 黎; 蔾; 藜,5,4,利; 犁; 棃; 黎,9,利; 𥝢; 犁; 梨; 棃; 黧; 黎; 蔾; 藜
26-25,26,25,563,306,no,no,0,,8,6,尼; 怩; 柅; 泥; 旎; 昵,9,5,尼; 怩; 柅; 泥; 昵,6,尼; 怩; 柅; 泥; 旎; 昵
26-26,26,26,592,306,no,no,0,,9,7,妻; 悽; 淒; 萋; 緀; 𨹷; 棲,4,3,妻; 萋; 棲,7,妻; 悽; 淒; 萋; 緀; 𨹷; 棲
26-27,26,27,593,306,no,no,0,,30,19,齊; 臍; 蠐; 劑; 嚌; 懠; 癠; 薺; 穧; 擠,9,6,齊; 濟; 躋; 齍; 齋; 儕,19,齊; 臍; 蠐; 劑; 嚌; 懠; 癠; 薺; 穧; 擠
26-28,26,28,554,307,no,no,0,,8,8,姊; 姉; 秭; 笫; 胏; 柹; 柿; 䪡,0,0,,8,姊; 姉; 秭; 笫; 胏; 柹; 柿; 䪡
26-29,26,29,555,307,no,no,0,,13,12,次; 佽; 絘; 咨; 恣; 粢; 資; 茨; 餈; 諮,7,6,次; 咨; 恣; 粢; 資; 諮,12,次; 佽; 絘; 咨; 恣; 粢; 資; 茨; 餈; 諮
26-30,26,30,1237m,308,no,no,0,,1,1,自,2,1,自,1,自
26-31,26,31,594,308,no,no,0,,6,4,西; 栖; 洒; 哂,4,3,西; 栖; 洒,4,西; 栖; 洒; 哂
26-32,26,32,595,308,no,no,0,,4,4,屖; 遟; 稺; 𦃘,2,2,屖; 稺,4,屖; 遟; 稺; 𦃘
26-33,26,33,596,308,no,no,0,,4,4,犀; 墀; 遲; 穉,2,2,犀; 遲,4,犀; 墀; 遲; 穉
26-34,26,34,557,308,no,no,0,,2,2,厶; 私,1,1,私,2,厶; 私
26-35,26,35,558,308,no,no,0,,1,1,死,1,1,死,1,死
26-36,26,36,559,308,no,no,0,,1,1,師,2,1,師,1,師
26-37,26,37,565,309,no,no,0,,2,2,匕; 朼,1,1,匕,2,匕; 朼
26-38,26,38,566,309,no,no,0,,41,23,匕; 批; 梐; 陛; 吡; 𣬉; 膍; 比; 貔; 牝,12,8,匕; 比; 貔; 牝; 妣; 庇; 秕; 毗,23,匕; 批; 梐; 陛; 吡; 𣬉; 膍; 比; 貔; 牝
26-39,26,39,598,310,no,no,0,,9,9,米; 眯; 迷; 麋; 敉; 侎; 冞; 𦊮; 蘪,4,4,米; 迷; 冞; 𦊮,9,米; 眯; 迷; 麋; 敉; 侎; 冞; 𦊮; 蘪
27-01,27,1,541,311,no,no,0,,2,1,開,2,1,開,1,開
27-02,27,2,548,311,no,no,0,,12,9,豈; 凱; 愷; 塏; 鎧; 闓; 𧽊; 螘; 覬,9,6,豈; 凱; 愷; 塏; 鎧; 螘,9,豈; 凱; 愷; 塏; 鎧; 闓; 𧽊; 螘; 覬
27-03,27,3,603,311,no,no,0,,3,3,冀; 兾; 驥,1,1,冀,3,冀; 兾; 驥
27-04,27,4,547,311,no,no,0,,14,11,幾; 機; 璣; 磯; 禨; 穖; 蟣; 譏; 鞿; 饑,5,4,蟣; 幾; 機; 饑,11,幾; 機; 璣; 磯; 禨; 穖; 蟣; 譏; 鞿; 饑
27-05,27,5,550,312,no,no,0,,7,5,衣; 依; 扆; 哀; 偯,5,4,衣; 依; 哀; 偯,5,衣; 依; 扆; 哀; 偯
27-06,27,6,549,312,no,no,0,,9,7,希; 悕; 晞; 欷; 狶; 豨; 睎,4,3,希; 狶; 豨,7,希; 悕; 晞; 欷; 狶; 豨; 睎
27-07,27,7,1237i,312,no,no,0,,1,1,黹,0,0,,1,黹
27-08,27,8,579,312,no,no,0,,28,22,非; 匪; 扉; 棐; 篚; 誹; 悱; 斐; 霏; 騑,7,7,非; 匪; 扉; 誹; 蜚; 悲; 排,22,非; 匪; 扉; 棐; 篚; 誹; 悱; 斐; 霏; 騑
27-09,27,9,580,313,no,no,0,,1,1,飛,1,1,飛,1,飛
27-10,27,10,581,313,no,no,0,,2,1,妃,1,1,妃,1,妃
27-11,27,11,582,313,no,no,0,,1,1,肥,1,1,肥,1,肥
27-12,27,12,353,313,no,no,0,,1,1,火,1,1,火,1,火
27-13,27,13,546,313,no,no,0,,2,2,枚; 玫,0,0,,2,枚; 玫
27-14,27,14,567,313,no,no,0,,5,4,眉; 媚; 楣; 湄,2,2,眉; 媚,4,眉; 媚; 楣; 湄
27-15,27,15,585,313,no,no,0,,1,1,亹,2,1,亹,1,亹
27-16,27,16,568,313,no,no,0,,1,1,美,1,1,美,1,美
27-17,27,17,583,314,no,no,0,,4,4,尾; 娓; 浘; 𤈦,2,2,尾; 𤈦,4,尾; 娓; 浘; 𤈦
27-18,27,18,584,314,no,no,0,,5,5,𢼸; 微; 薇; 媺; 徽,2,2,微; 徽,5,𢼸; 微; 薇; 媺; 徽
27-19,27,19,572,314,no,no,0,,3,1,虺,2,1,虺,1,虺
27-20,27,20,1009,314,no,no,0,,5,5,蟲; 虫; 融; 赨; 𢥞,2,2,蟲; 融,5,蟲; 虫; 融; 赨; 𢥞
28-01,28,1,569,316,no,no,0,,20,14,鬼; 傀; 瑰; 魁; 塊; 瘣; 槐; 嵬; 魏; 愧,16,10,鬼; 瑰; 魁; 塊; 槐; 嵬; 魏; 愧; 餽; 巍,14,鬼; 傀; 瑰; 魁; 塊; 瘣; 槐; 嵬; 魏; 愧
28-02,28,2,570,316,no,no,0,,3,2,歸; 巋,1,1,歸,2,歸; 巋
28-03,28,3,1237s,317,no,no,0,,1,1,夔,0,0,,1,夔
28-04,28,4,542,317,no,no,0,,6,6,回; 廻; 迴; 徊; 洄; 蛔,2,2,回; 迴,6,回; 廻; 迴; 徊; 洄; 蛔
28-05,28,5,571; 342,317,no,no,0,,19,18,韋; 違; 偉; 圍; 幃; 煒; 瑋; 禕; 緯; 葦,4,4,韋; 違; 圍; 衛,18,韋; 違; 偉; 圍; 幃; 煒; 瑋; 禕; 緯; 葦
28-06,28,6,600,317,no,no,0,,6,4,褱; 懷; 壞; 瓌,3,2,懷; 壞,4,褱; 懷; 壞; 瓌
28-07,28,7,1240h,317,no,no,0,,1,1,乖,1,1,乖,1,乖
28-08,28,8,1239a,318,no,no,0,,1,1,卉,0,0,,1,卉
28-09,28,9,573,318,no,no,0,,7,6,畏; 㟪; 偎; 煨; 猥; 隈,2,2,畏; 隈,6,畏; 㟪; 偎; 煨; 猥; 隈
28-10,28,10,574,318,no,no,0,,2,2,威; 崴,2,2,威; 崴,2,威; 崴
28-11,28,11,575,318,no,no,0,,31,26,隹; 推; 陮; 崔; 䳡; 趡; 鵻; 錐; 鷕; 騅,10,10,隹; 推; 崔; 催; 帷; 惟; 維; 椎; 雖; 稚,26,隹; 推; 陮; 崔; 䳡; 趡; 鵻; 錐; 鷕; 騅
28-12,28,12,543,319,no,no,0,,3,3,追; 縋; 膇,2,2,𠂤; 追,4,追; 縋; 膇; 𠂤
28-13,28,13,544,319,no,no,0,,2,2,隤; 穨,1,1,隤,2,隤; 穨
28-14,28,14,576,319,no,no,0,,1,1,水,1,1,水,1,水
28-15,28,15,577,319,no,no,0,,21,17,畾; 壘; 櫐; 纍; 藟; 讄; 𧮢; 儡; 礨; 罍,7,6,螺; 壘; 靁; 雷; 儽; 累,18,畾; 壘; 櫐; 纍; 藟; 讄; 𧮢; 儡; 礨; 罍
28-16,28,16,545,320,no,no,0,,1,1,磊,0,0,,1,磊
28-17,28,17,578,320,no,no,0,,3,2,耒; 誄,1,1,誄,2,耒; 誄
28-18,28,18,1237v,320,no,no,0,,1,1,蕤,0,0,,1,蕤
28-19,28,19,1237x,320,no,no,0,,1,1,夊,0,0,,1,夊
28-20,28,20,513,320,no,no,0,,2,2,罪; 辠,1,1,罪,2,罪; 辠
29-01,29,1,393,321,no,no,0,,19,16,吉; 蛣; 詰; 佶; 姞; 拮; 桔; 結; 袺; 頡,10,9,吉; 詰; 拮; 結; 袺; 髻; 秸; 黠; 擷,16,吉; 蛣; 詰; 佶; 姞; 拮; 桔; 結; 袺; 頡
29-02,29,2,278,322,no,no,0,,1,1,鞂,0,0,,1,鞂
29-03,29,3,535,322,no,no,0,,1,1,棄,1,1,棄,1,棄
29-04,29,4,510b,322,no,no,0,,1,1,屆,1,1,屆,1,屆
29-05,29,5,538,322,yes,no,0,,2,2,季; 悸,2,2,季; 悸,2,季; 悸
29-06,29,6,409,322,no,no,0,,3,3,穴; 泬; 鴥,1,1,穴,3,穴; 泬; 鴥
29-07,29,7,410,322,no,no,0,,3,3,血; 恤; 卹,2,2,血; 恤,3,血; 恤; 卹
29-08,29,8,533,322,no,no,0,,7,7,惠; 叀; 蟪; 蕙; 譓; 穗; 繐,2,2,惠; 穗,7,惠; 叀; 蟪; 蕙; 譓; 穗; 繐
29-09,29,9,526,322,no,no,0,,13,12,㒸; 遂; 隊; 墜; 檖; 燧; 璲; 穟; 襚; 隧,7,6,遂; 隊; 墜; 檖; 穟; 隧,12,㒸; 遂; 隊; 墜; 檖; 燧; 璲; 穟; 襚; 隧
29-10,29,10,527,323,no,no,0,,7,5,彗; 篲; 嘒; 慧; 譿,2,2,彗; 慧,5,彗; 篲; 嘒; 慧; 譿
29-11,29,11,507,323,no,no,0,,16,14,矞; 遹; 驈; 鷸; 橘; 繘; 僪; 獝; 劀; 譎,5,4,遹; 橘; 繘; 譎,14,矞; 遹; 驈; 鷸; 橘; 繘; 僪; 獝; 劀; 譎
29-12,29,12,394,323,no,no,0,,1,1,一,1,1,一,1,一
29-13,29,13,395,324,no,no,0,,8,8,壹; 噎; 㦤; 懿; 饐; 曀; 㙪; 殪,4,3,壹; 噎; 㦤,8,壹; 噎; 㦤; 懿; 饐; 曀; 㙪; 殪
29-14,29,14,1241j,324,no,no,0,,1,1,替,1,1,替,1,替
29-15,29,15,413,324,no,no,0,,16,13,至; 致; 輊; 挃; 銍; 窒; 桎; 室; 咥; 垤,5,5,至; 致; 窒; 室; 垤,13,至; 致; 輊; 挃; 銍; 窒; 桎; 室; 咥; 垤
29-16,29,16,415,325,no,no,0,,5,3,疐; 懥; 嚏,2,2,疐; 嚏,3,疐; 懥; 嚏
29-17,29,17,402,325,no,no,0,,15,12,失; 佚; 泆; 軼; 抶; 秩; 袠; 翐; 瓞; 跌,3,3,失; 跌; 迭,12,失; 佚; 泆; 軼; 抶; 秩; 袠; 翐; 瓞; 跌
29-18,29,18,398,325,no,no,0,,1,1,實,1,1,實,1,實
29-19,29,19,396,325,no,no,0,,1,1,逸,1,1,逸,1,逸
29-20,29,20,1257a,325,no,no,0,,1,1,溢,1,1,溢,1,溢
29-21,29,21,397,325,no,no,0,,1,1,佾,1,1,佾,1,佾
29-22,29,22,1257c,325,no,no,0,,1,1,欥,0,0,,1,欥
29-23,29,23,403,325,no,no,0,,3,3,栗; 慄; 瑮,1,1,栗,3,栗; 慄; 瑮
29-24,29,24,1241n,326,no,no,0,,1,1,盭,0,0,,1,盭
29-25,29,25,532,326,no,no,0,,4,3,戾; 悷; 淚,1,1,戾,3,戾; 悷; 淚
29-26,29,26,404,326,no,no,0,,6,6,日; 衵; 馹; 䵒; 圼; 涅,3,3,日; 衵; 䵒,6,日; 衵; 馹; 䵒; 圼; 涅
29-27,29,27,414,326,no,no,0,,1,1,臸,0,0,,1,臸
29-28,29,28,564,326,no,no,0,,5,5,二; 弍; 貳; 樲; 膩,3,3,二; 貳; 膩,5,二; 弍; 貳; 樲; 膩
29-29,29,29,494,326,no,no,0,,3,3,疾; 蒺; 嫉,1,1,疾,3,疾; 蒺; 嫉
29-30,29,30,399; 923,327,no,no,0,,11,8,卽; 楖; 節; 櫛; 即; 蝍; 堲; 䳭,5,4,卪; 即; 節; 堲,9,卽; 楖; 節; 櫛; 即; 蝍; 堲; 䳭; 卪
29-31,29,31,400,327,no,no,0,,3,3,七; 叱; 切,2,2,七; 切,3,七; 叱; 切
29-32,29,32,401,327,no,no,0,,3,3,桼; 漆; 膝,2,2,桼; 膝,3,桼; 漆; 膝
29-33,29,33,1257,327,no,no,0,,11,9,溢; 鎰; 欥; 騭; 悉; 蟋; 觱; 戌; 怴,4,4,溢; 鎰; 悉; 戌,9,溢; 鎰; 欥; 騭; 悉; 蟋; 觱; 戌; 怴
29-34,29,34,518,327,no,no,0,,4,4,四; 駟; 柶; 泗,2,2,四; 駟,4,四; 駟; 柶; 泗
29-35,29,35,506,328,no,no,0,,1,1,蝨,1,1,蝨,1,蝨
29-36,29,36,411,328,no,no,0,,1,1,瑟,1,1,瑟,1,瑟
29-37,29,37,412,328,no,no,0,,1,1,閉,1,1,閉,1,閉
29-38,29,38,408,328,no,no,0,,1,1,匹,1,1,匹,1,匹
29-39,29,39,521,328,no,no,0,,4,3,畀; 鼻; 淠,3,2,畀; 鼻,3,畀; 鼻; 淠
29-41,29,41,405,328,no,no,0,,21,18,必; 珌; 怭; 㧙; 駜; 苾; 飶; 覕; 柲; 毖,9,8,邲; 必; 柲; 毖; 密; 蜜; 𥁑; 謐,19,必; 珌; 怭; 㧙; 駜; 苾; 飶; 覕; 柲; 毖
29-42,29,42,407,329,no,no,0,,8,8,畢; 罼; 㪤; 彃; 篳; 縪; 蹕; 韠,7,5,畢; 彃; 篳; 蹕; 韠,8,畢; 罼; 㪤; 彃; 篳; 縪; 蹕; 韠
29-43,29,43,1257g,329,no,no,0,,2,1,觱,0,0,,1,觱
29-44,29,44,406,329,no,no,0,,2,2,弜; 弼,0,0,,2,弜; 弼
30-01,30,1,517,330,no,no,0,,19,14,气; 氣; 愾; 餼; 乞; 吃; 訖; 扢; 汔; 迄,6,5,气; 氣; 愾; 乞; 仡,14,气; 氣; 愾; 餼; 乞; 吃; 訖; 扢; 汔; 迄
30-02,30,2,515,331,no,no,0,,15,11,旡; 既; 蔇; 塈; 摡; 㮣; 概; 溉; 嘅; 慨,7,6,既; 塈; 概; 溉; 慨; 暨,11,旡; 既; 蔇; 塈; 摡; 㮣; 概; 溉; 嘅; 慨
30-03,30,3,536,331,no,no,0,,1,1,器,1,1,器,1,器
30-04,30,4,1237a,331,no,no,0,,1,1,洎,0,0,,1,洎
30-05,30,5,504,331,no,no,0,,1,1,戛,1,1,戛,1,戛
30-06,30,6,508,331,no,no,0,,5,4,愛; 曖; 薆; 僾,2,2,愛; 僾,4,愛; 曖; 薆; 僾
30-07,30,7,505,331,no,no,0,,1,1,乙,1,1,乙,1,乙
30-08,30,8,537,331,no,no,0,,1,1,劓,0,0,,1,劓
30-09,30,9,516,331,no,no,0,,3,3,豙; 毅; 藙,2,2,豙; 藙,3,豙; 毅; 藙
30-10,30,10,493,332,no,no,0,,6,4,質; 鑕; 躓; 懫,2,1,質,4,質; 鑕; 躓; 懫
30-11,30,11,509,332,no,no,0,,14,10,隶; 逮; 曃; 棣; 肄; 肆; 㣈; 蕼; 肂; 殔,4,4,隶; 逮; 棣; 肆,10,隶; 逮; 曃; 棣; 肄; 肆; 㣈; 蕼; 肂; 殔
30-12,30,12,514,332,no,no,0,,1,1,配,0,0,,1,配
30-13,30,13,491,332,no,no,0,,9,6,孛; 勃; 浡; 悖; 誖; 綍,2,2,孛; 悖,6,孛; 勃; 浡; 悖; 誖; 綍
30-14,30,14,500,332,no,no,0,,21,16,弗; 笰; 紼; 刜; 拂; 彿; 髴; 茀; 佛; 咈,16,12,弗; 刜; 拂; 彿; 茀; 佛; 咈; 怫; 艴; 沸,16,弗; 笰; 紼; 刜; 拂; 彿; 髴; 茀; 佛; 咈
30-16,30,16,501,333,no,no,0,,10,6,巿; 芾; 旆; 㤄; 沛; 肺,1,1,肺,6,巿; 芾; 旆; 㤄; 沛; 肺
30-17,30,17,530,333,no,no,0,,2,1,胐,1,1,朏,2,胐; 朏
30-18,30,18,492,334,no,no,0,,4,4,𠬛; 沒; 歿; 𤣻,1,1,歿,4,𠬛; 沒; 歿; 𤣻
30-19,30,19,503,334,no,no,0,,12,10,勿; 物; 芴; 歾; 忽; 笏; 刎; 吻; 惚; 脗,5,4,勿; 物; 芴; 忽,10,勿; 物; 芴; 歾; 忽; 笏; 刎; 吻; 惚; 脗
30-20,30,20,503,334,no,no,0,,12,10,勿; 物; 芴; 歾; 忽; 笏; 刎; 吻; 惚; 脗,5,4,勿; 物; 芴; 忽,10,勿; 物; 芴; 歾; 忽; 笏; 刎; 吻; 惚; 脗
30-21,30,21,531,334,no,no,0,,9,8,未; 味; 魅; 寐; 妹; 昧; 沬; 𩎟,6,5,未; 味; 寐; 妹; 昧,8,未; 味; 魅; 寐; 妹; 昧; 沬; 𩎟
30-22,30,22,522,335,no,no,0,,1,1,鬽,0,0,,1,鬽
31-01,31,1,486,336,no,no,0,,7,5,骨; 鶻; 搰; 猾; 滑,5,4,骨; 搰; 猾; 滑,5,骨; 鶻; 搰; 猾; 滑
31-02,31,2,540,337,no,no,0,,18,16,㬰; 貴; 憒; 潰; 繢; 靧; 匱; 櫃; 蕢; 簣,12,11,㬰; 貴; 潰; 靧; 匱; 櫃; 簣; 饋; 遺; 聵,16,㬰; 貴; 憒; 潰; 繢; 靧; 匱; 櫃; 蕢; 簣
31-03,31,3,510a,337,no,no,0,,1,1,凷,0,0,,1,凷
31-04,31,4,534,337,no,no,0,,2,2,㕟; 蒯,0,0,,2,㕟; 蒯
31-05,31,5,523,337,no,no,0,,6,5,胃; 媦; 謂; 蝟; 喟,3,3,胃; 謂; 蝟,5,胃; 媦; 謂; 蝟; 喟
31-06,31,6,524,338,no,no,0,,1,1,彙,0,0,,1,彙
31-07,31,7,539,338,no,no,0,,1,1,位,1,1,位,1,位
31-08,31,8,495,338,no,no,0,,2,2,𩰪; 鬱,1,1,鬱,2,𩰪; 鬱
31-09,31,9,525,338,no,no,0,,10,7,㷉; 尉; 熨; 慰; 罻; 蔚; 褽,3,2,㷉; 蔚,7,㷉; 尉; 熨; 慰; 罻; 蔚; 褽
31-10,31,10,487,338,no,no,0,,7,6,兀; 扤; 杌; 阢; 卼; 軏,0,0,,6,兀; 扤; 杌; 阢; 卼; 軏
31-11,31,11,488,338,no,no,0,,1,1,𠫓,0,0,,1,𠫓
31-12,31,12,489,338,no,no,0,,2,1,突,2,1,突,1,突
31-14,31,14,511,338,no,no,0,,4,3,對; 轛; 懟,3,3,對; 轛; 懟,3,對; 轛; 懟
31-15,31,15,512,338,no,no,0,,1,1,退,1,1,退,1,退
31-16,31,16,496,338,no,no,0,,19,15,出; 黜; 絀; 咄; 拙; 茁; 屈; 詘; 誳; 鈯,11,9,出; 黜; 咄; 拙; 屈; 堀; 窟; 倔; 掘,15,出; 黜; 絀; 咄; 拙; 茁; 屈; 詘; 誳; 鈯
31-17,31,17,497,339,no,no,0,,7,7,朮; 秫; 術; 述; 鉥; 怵; 訹,6,6,朮; 秫; 術; 述; 鉥; 訹,7,朮; 秫; 術; 述; 鉥; 怵; 訹
31-18,31,18,502,339,no,no,0,,3,3,聿; 律; 筆,4,3,聿; 律; 筆,3,聿; 律; 筆
31-19,31,19,529,339,no,no,0,,2,2,類; 纇,1,1,類,2,類; 纇
31-20,31,20,490,340,no,no,0,,22,17,卒; 捽; 崒; 倅; 啐; 淬; 焠; 醉; 翠; 悴,11,9,卒; 倅; 啐; 淬; 焠; 醉; 萃; 碎; 誶,17,卒; 捽; 崒; 倅; 啐; 淬; 焠; 醉; 翠; 悴
31-21,31,21,528,340,no,no,0,,1,1,祟,1,1,祟,1,祟
31-22,31,22,1257h,340,no,no,0,,1,1,戌,1,1,戌,1,戌
31-23,31,23,498,340,no,no,0,,7,4,率; 䢦; 蟀; 膟,3,1,率,4,率; 䢦; 蟀; 膟
31-24,31,24,499,340,no,no,0,,2,1,帥,1,1,帥,1,帥
32-01,32,1,368; 377,341,no,no,0,,13,8,臤; 堅; 掔; 賢; 緊; 腎; 臣; 挋,4,4,堅; 賢; 腎; 臣,8,臤; 堅; 掔; 賢; 緊; 腎; 臣; 挋
32-02,32,2,1250a,342,no,no,0,,1,1,繭,0,0,,1,繭
32-03,32,3,369,342,no,no,0,,2,1,矜,3,1,矜,1,矜
32-04,32,4,479,342,no,no,0,,2,2,犬; 畎,1,1,犬,2,犬; 畎
32-05,32,5,366,342,no,no,0,,14,12,玄; 泫; 眩; 鉉; 弦; 絃; 炫; 蚿; 衒; 牽,5,4,玄; 弦; 牽; 誸,12,玄; 泫; 眩; 鉉; 弦; 絃; 炫; 蚿; 衒; 牽
32-06,32,6,1250g,342,no,no,0,,2,1,贙,0,0,,1,贙
32-07,32,7,391,342,no,no,0,,7,7,勻; 均; 袀; 鈞; 盷; 䀏; 筠,6,4,匀; 均; 鈞; 筠,8,勻; 均; 袀; 鈞; 盷; 䀏; 筠; 匀
32-08,32,8,392,343,no,no,0,,27,16,旬; 徇; 狥; 殉; 侚; 畇; 恂; 洵; 眴; 筍,5,5,旬; 徇; 殉; 筍; 荀,16,旬; 徇; 狥; 殉; 侚; 畇; 恂; 洵; 眴; 筍
32-09,32,9,370,343,no,no,0,,12,8,因; 茵; 絪; 姻; 駰; 咽; 烟; 恩,5,4,因; 咽; 烟; 恩,8,因; 茵; 絪; 姻; 駰; 咽; 烟; 恩
32-10,32,10,483,344,no,no,0,,7,7,垔; 陻; 堙; 湮; 闉; 禋; 煙,4,4,垔; 陻; 禋; 煙,7,垔; 陻; 堙; 湮; 闉; 禋; 煙
32-11,32,11,125l,344,no,no,0,,2,1,覦,0,0,,1,覦
32-12,32,12,367,344,no,no,0,,2,2,淵; 婣,1,1,淵,2,淵; 婣
32-13,32,13,1251a,344,no,no,0,,1,1,嚚,0,0,,1,嚚
32-14,32,14,1251b,344,no,no,0,,1,1,憖,0,0,,1,憖
32-15,32,15,361,344,no,no,0,,3,2,天; 吞,2,2,天; 吞,2,天; 吞
32-16,32,16,375,344,no,no,0,,31,23,真; 稹; 縝; 鬒; 黰; 鎮; 瞋; 磌; 慎; 傎,9,9,真; 稹; 縝; 鬒; 鎮; 瞋; 慎; 顛; 填,23,真; 稹; 縝; 鬒; 黰; 鎮; 瞋; 磌; 慎; 傎
32-17,32,17,376,345,no,no,0,,1,1,眘,0,0,,1,眘
32-18,32,18,373,345,no,no,0,,6,4,陳; 敶; 陣; 螴,2,1,陳,4,陳; 敶; 陣; 螴
32-19,32,19,362,345,no,no,0,,8,4,田; 佃; 畋; 甸,5,4,田; 佃; 畋; 甸,4,田; 佃; 畋; 甸
32-20,32,20,371,345,no,no,0,,4,4,引; 靷; 蚓; 紖,3,2,引; 蚓,4,引; 靷; 蚓; 紖
32-21,32,21,372,346,no,no,0,,1,1,絼,0,0,,1,絼
32-22,32,22,385,346,no,no,0,,7,7,申; 伸; 呻; 紳; 神; 𣍃; 電,6,6,申; 伸; 呻; 紳; 神; 電,7,申; 伸; 呻; 紳; 神; 𣍃; 電
32-23,32,23,386,346,no,no,0,,2,2,身; 𨌈,1,1,身,2,身; 𨌈
32-24,32,24,469,346,no,no,0,,4,4,舜; 蕣; 瞬; 瞚,0,0,,4,舜; 蕣; 瞬; 瞚
32-25,32,25,12511,346,no,no,0,,0,0,,0,0,,0,
32-26,32,26,387,346,no,no,0,,15,12,粦; 燐; 粼; 獜; 甐; 磷; 轔; 遴; 鄰; 麟,4,4,粦; 鄰; 鱗; 憐,12,粦; 燐; 粼; 獜; 甐; 磷; 轔; 遴; 鄰; 麟
32-27,32,27,125l,346,no,no,0,,2,1,覦,0,0,,1,覦
32-28,32,28,388; 364; 365,346,no,no,0,,6,6,人; 仁; 年; 千; 阡; 芊,4,4,人; 仁; 年; 千,6,人; 仁; 年; 千; 阡; 芊
32-29,32,29,378,347,no,no,0,,4,4,晉; 搢; 縉; 戩,1,1,晉,4,晉; 搢; 縉; 戩
32-30,32,30,379,347,no,no,0,,1,1,進,1,1,進,1,進
32-31,32,31,380,347,no,no,0,,6,6,秦; 螓; 榛; 溱; 臻; 蓁,3,3,秦; 榛; 蓁,6,秦; 螓; 榛; 溱; 臻; 蓁
32-32,32,32,381,347,no,no,0,,7,6,盡; 燼; 藎; 贐; 賮; 津,3,3,盡; 燼; 津,6,盡; 燼; 藎; 贐; 賮; 津
32-33,32,33,382,347,no,no,0,,9,9,辛; 峷; 莘; 𣓀; 新; 薪; 親; 寴; 櫬,6,5,辛; 莘; 新; 薪; 親,9,辛; 峷; 莘; 𣓀; 新; 薪; 親; 寴; 櫬
32-34,32,34,12411,348,no,no,0,,0,0,,0,0,,0,
32-35,32,35,383,348,no,no,0,,4,4,卂; 迅; 訊; 䒖,1,1,訊,4,卂; 迅; 訊; 䒖
32-36,32,36,384,348,no,no,0,,1,1,信,1,1,信,1,信
32-37,32,37,484,348,no,no,0,,1,1,甡,0,0,,1,甡
32-38,32,38,389,348,no,no,0,,14,12,賔; 儐; 擯; 殯; 濱; 鬢; 繽; 嬪; 矉; 蠙,1,1,賓,13,賔; 儐; 擯; 殯; 濱; 鬢; 繽; 嬪; 矉; 蠙
32-39,32,39,390,348,no,no,0,,3,3,頻; 嚬; 蘋,2,1,頻,3,頻; 嚬; 蘋
32-40,32,40,457,348,no,no,0,,27,19,民; 泯; 珉; 眠; 痻; 敃; 昬; 昏; 婚; 惛,6,5,民; 泯; 珉; 昏; 緡,19,民; 泯; 珉; 眠; 痻; 敃; 昬; 昏; 婚; 惛
33-01,33,1,416,351,no,no,0,,13,12,艮; 根; 豤; 佷; 很; 恨; 痕; 垠; 限; 銀,7,6,根; 恨; 垠; 限; 銀; 眼,12,艮; 根; 豤; 佷; 很; 恨; 痕; 垠; 限; 銀
33-02,33,2,443,351,no,no,0,,21,17,斤; 釿; 靳; 芹; 近; 昕; 欣; 忻; 訢; 圻,8,6,斤; 近; 昕; 欣; 圻; 旂,17,斤; 釿; 靳; 芹; 近; 昕; 欣; 忻; 訢; 圻
33-03,33,3,445,351,no,no,0,,1,1,筋,1,1,筋,1,筋
33-04,33,4,444,351,no,no,0,,1,1,𢀷,0,0,,1,𢀷
33-05,33,5,480,352,no,no,0,,18,16,𡏳; 艱; 堇; 囏; 僅; 墐; 殣; 瑾; 覲; 饉,19,14,螼; 𡏳; 艱; 堇; 囏; 僅; 墐; 殣; 饉; 蓳,17,𡏳; 艱; 堇; 囏; 僅; 墐; 殣; 瑾; 覲; 饉
33-06,33,6,482,352,no,no,0,,1,1,巾,1,1,巾,1,巾
33-07,33,7,446,352,no,no,0,,1,1,釁,1,1,釁,1,釁
33-08,33,8,447,352,no,no,0,,2,1,衅,0,0,,1,衅
33-09,33,9,448,352,no,no,0,,4,2,殷; 慇,4,2,殷; 慇,2,殷; 慇
33-10,33,10,449,352,no,no,0,,3,2,隱; 檃,3,1,隱,2,隱; 檃
33-11,33,11,476,352,no,no,0,,2,2,典; 腆,2,2,典; 腆,2,典; 腆
33-12,33,12,429,352,no,no,0,,5,4,𡱂; 臋; 臀; 殿,3,2,𡱂; 殿,4,𡱂; 臋; 臀; 殿
33-13,33,13,455,353,no,no,0,,19,14,辰; 晨; 䢅; 宸; 脤; 蜃; 侲; 振; 娠; 賑,9,7,辰; 晨; 蜃; 振; 震; 辴; 脣,14,辰; 晨; 䢅; 宸; 脤; 蜃; 侲; 振; 娠; 賑
33-14,33,14,1251b,353,no,no,0,,1,1,憖,0,0,,1,憖
33-15,33,15,453,353,no,no,0,,20,12,㐱; 眕; 畛; 紾; 袗; 軫; 珍; 疹; 殄; 診,10,9,㐱; 畛; 袗; 軫; 珍; 疹; 殄; 診; 餮,12,㐱; 眕; 畛; 紾; 袗; 軫; 珍; 疹; 殄; 診
33-16,33,16,452,353,no,no,0,,1,1,疢,0,0,,1,疢
33-17,33,17,374,353,no,no,0,,1,1,塵,1,1,塵,1,塵
33-18,33,18,451,354,no,no,0,,2,2,胤; 酳,1,1,胤,2,胤; 酳
33-19,33,19,450,354,no,no,0,,5,4,寅; 夤; 螾; 演,5,4,寅; 夤; 螾; 演,4,寅; 夤; 螾; 演
33-20,33,20,456,354,no,no,0,,10,9,刃; 仞; 忍; 牣; 肕; 訒; 軔; 紉; 認,5,4,忍; 軔; 䵑; 認,10,刃; 仞; 忍; 牣; 肕; 訒; 軔; 紉; 認; 䵑
33-22,33,22,432,354,no,no,0,,5,4,存; 荐; 栫; 洊,3,2,存; 荐,4,存; 荐; 栫; 洊
33-23,33,23,477,354,no,no,0,,1,1,薦,1,1,薦,1,薦
33-24,33,24,454,354,no,no,0,,1,1,齔,0,0,,1,齔
33-25,33,25,478,354,no,no,0,,13,10,先; 毨; 跣; 銑; 姺; 洗; 侁; 𢓠; 詵; 駪,4,2,先; 洗,10,先; 毨; 跣; 銑; 姺; 洗; 侁; 𢓠; 詵; 駪
33-26,33,26,439,355,no,no,0,,1,1,畚,0,0,,1,畚
33-27,33,27,440,355,no,no,0,,1,1,本,1,1,本,1,本
33-28,33,28,438,355,no,no,0,,4,4,奔; 犇; 餴; 鼖,1,1,奔,4,奔; 犇; 餴; 鼖
33-29,33,29,437,355,no,no,0,,23,15,賁; 噴; 歕; 獖; 僨; 𩞑; 饙; 墳; 憤; 濆,3,3,賁; 饙; 憤,15,賁; 噴; 歕; 獖; 僨; 𩞑; 饙; 墳; 憤; 濆
33-30,33,30,471,356,no,no,0,,26,21,分; 粉; 𦐈; 翂; 忿; 紛; 芬; 雰; 弅; 扮,8,7,分; 粉; 𦐈; 頒; 盆; 貧; 朌,21,分; 粉; 𦐈; 翂; 忿; 紛; 芬; 雰; 弅; 扮
33-32,33,32,472,356,no,no,0,,1,1,糞,1,1,糞,1,糞
33-33,33,33,473,357,no,no,0,,1,1,奮,1,1,奮,1,奮
33-34,33,34,474,357,no,no,0,,2,2,焚; 彬,0,0,,2,焚; 彬
33-35,33,35,441,357,no,no,0,,8,6,門; 悶; 捫; 聞; 問; 閩,5,5,門; 捫; 聞; 問; 閩,6,門; 悶; 捫; 聞; 問; 閩
33-36,33,36,475,357,no,no,0,,14,12,文; 抆; 汶; 紊; 蚉; 蚊; 忞; 旻; 玟; 閔,8,8,文; 汶; 蚉; 蚊; 旻; 閔; 憫; 吝,12,文; 抆; 汶; 紊; 蚉; 蚊; 忞; 旻; 玟; 閔
34-01,34,1,417,358,no,no,0,,14,11,昆; 崐; 琨; 䃂; 緄; 輥; 錕; 鯤; 鵾; 混,1,1,昆,11,昆; 崐; 琨; 䃂; 緄; 輥; 錕; 鯤; 鵾; 混
34-02,34,2,418,359,no,no,0,,3,3,衮; 袞; 蔉,0,0,,3,衮; 袞; 蔉
34-03,34,3,419,359,no,no,0,,1,1,鯀,0,0,,1,鯀
34-04,34,4,481,359,no,no,0,,2,2,鰥; 瘝,2,1,鰥,2,鰥; 瘝
34-05,34,5,421,359,no,no,0,,1,1,坤,1,1,坤,1,坤
34-06,34,6,422,359,no,no,0,,4,4,巛; 𤰕; 甽; 訓,2,2,巛; 訓,4,巛; 𤰕; 甽; 訓
34-07,34,7,423,359,no,no,0,,1,1,髡,0,0,,1,髡
34-08,34,8,424,359,no,no,0,,1,1,壼,0,0,,1,壼
34-09,34,9,420,359,no,no,0,,5,5,困; 悃; 捆; 梱; 稇,1,1,困,5,困; 悃; 捆; 梱; 稇
34-10,34,10,425,359,no,no,0,,3,3,圂; 慁; 溷,0,0,,3,圂; 慁; 溷
34-11,34,11,485,359,no,no,0,,9,8,囷; 箘; 菌; 麕; 麇; 攟; 攗; 稛,1,1,菌,8,囷; 箘; 菌; 麕; 麇; 攟; 攗; 稛
34-12,34,12,459,360,no,no,0,,9,8,君; 羣; 裙; 郡; 焄; 麏; 頵; 窘,4,4,君; 羣; 裙; 麏,8,君; 羣; 裙; 郡; 焄; 麏; 頵; 窘
34-13,34,13,458,360,no,no,0,,16,14,軍; 渾; 暈; 運; 餫; 䩵; 韗; 葷; 揮; 暉,11,9,軍; 渾; 運; 葷; 揮; 暉; 煇; 輝; 楎,14,軍; 渾; 暈; 運; 餫; 䩵; 韗; 葷; 揮; 暉
34-14,34,14,460,360,no,no,0,,8,7,云; 雲; 妘; 抎; 耘; 芸; 魂,4,4,云; 雲; 芸; 魂,7,云; 雲; 妘; 抎; 耘; 芸; 魂
34-15,34,15,461,361,no,no,0,,8,8,熏; 燻; 薰; 勳; 獯; 纁; 臐; 壎,3,3,熏; 薰; 壎,8,熏; 燻; 薰; 勳; 獯; 纁; 臐; 壎
34-16,34,16,426,361,no,no,0,,12,7,溫; 轀; 慍; 緼; 韞; 薀; 蘊,5,4,𥁕; 溫; 慍; 蘊,8,溫; 轀; 慍; 緼; 韞; 薀; 蘊; 𥁕
34-17,34,17,427,361,no,no,0,,20,12,屯; 忳; 㹠; 芚; 軘; 沌; 鈍; 頓; 窀; 杶,3,2,屯; 純,12,屯; 忳; 㹠; 芚; 軘; 沌; 鈍; 頓; 窀; 杶
34-18,34,18,464,362,no,no,0,,29,16,𦎧; 淳; 醇; 錞; 鐓; 鶉; 諄; 犉; 惇; 蜳,9,4,淳; 鶉; 敦; 焞,16,𦎧; 淳; 醇; 錞; 鐓; 鶉; 諄; 犉; 惇; 蜳
34-19,34,19,463,362,no,no,0,,5,5,春; 惷; 蠢; 椿; 鬊,1,1,春,5,春; 惷; 蠢; 椿; 鬊
34-20,34,20,462,362,no,no,0,,7,6,川; 䡅; 順; 紃; 巡; 馴,5,5,川; 䡅; 順; 紃; 馴,6,川; 䡅; 順; 紃; 巡; 馴
34-21,34,21,465,363,no,no,0,,12,7,盾; 楯; 揗; 輴; 遁; 循; 腯,7,6,盾; 楯; 輴; 遁; 循; 腯,7,盾; 楯; 揗; 輴; 遁; 循; 腯
34-22,34,22,428,363,no,no,0,,5,3,豚; 𢄉; 遯,5,3,豚; 𢄉; 遯,3,豚; 𢄉; 遯
34-23,34,23,468,363,no,no,0,,28,25,允; 浚; 踆; 悛; 㽙; 狻; 酸; 捘; 狁; 䘒,2,2,允; 酸,25,允; 浚; 踆; 悛; 㽙; 狻; 酸; 捘; 狁; 䘒
34-24,34,24,470,364,no,no,0,,12,10,侖; 論; 倫; 淪; 綸; 輪; 惀; 崙; 崘; 掄,7,4,論; 倫; 綸; 輪,10,侖; 論; 倫; 淪; 綸; 輪; 惀; 崙; 崘; 掄
34-25,34,25,1251o,364,no,no,0,,1,1,閏,0,0,,1,閏
34-26,34,26,430,364,no,no,0,,14,10,尊; 樽; 僔; 噂; 撙; 繜; 蹲; 鐏; 鱒; 遵,4,3,尊; 樽; 遵,10,尊; 樽; 僔; 噂; 撙; 繜; 蹲; 鐏; 鱒; 遵
34-27,34,27,431,364,no,no,0,,3,3,寸; 刌; 忖,3,3,寸; 刌; 忖,3,寸; 刌; 忖
34-28,34,28,434,364,no,no,0,,4,4,孫; 蓀; 遜; 愻,1,1,孫,4,孫; 蓀; 遜; 愻
34-29,34,29,436,365,no,no,0,,1,1,飧,0,0,,1,飧
34-30,34,30,433,365,no,no,0,,11,8,巽; 簨; 僎; 䠣; 選; 撰; 饌; 譔,1,1,選,8,巽; 簨; 僎; 䠣; 選; 撰; 饌; 譔
34-31,34,31,467,365,no,no,0,,3,3,隼; 𣯍; 準,1,1,準,3,隼; 𣯍; 準
34-32,34,32,466,365,no,no,0,,3,3,䜭; 濬; 璿,0,0,,3,䜭; 濬; 璿
35-01,35,1,642,366,yes,no,0,,19,15,劫; 刧; 怯; 法; 灋; 盍; 盇; 嗑; 蓋; 葢,5,5,劫; 法; 灋; 盍; 蓋,15,劫; 刧; 怯; 法; 灋; 盍; 盇; 嗑; 蓋; 葢
35-02,35,2,629,367,no,no,0,,5,5,甲; 匣; 柙; 狎; 押,5,5,甲; 匣; 柙; 狎; 押,5,甲; 匣; 柙; 狎; 押
35-03,35,3,630,367,no,no,0,,15,13,夾; 郟; 狹; 梜; 莢; 頰; 鋏; 匧; 俠; 挾,5,5,夾; 狹; 梜; 匧; 挾,13,夾; 郟; 狹; 梜; 莢; 頰; 鋏; 匧; 俠; 挾
35-04,35,4,639,367,no,no,0,,6,6,劦; 協; 叶; 拹; 脅; 嗋,1,1,脅,6,劦; 協; 叶; 拹; 脅; 嗋
35-05,35,5,640,368,no,no,0,,1,1,業,3,1,業,1,業
35-06,35,6,634,368,no,no,0,,1,1,涉,0,0,,1,涉
35-07,35,7,628,368,no,no,0,,2,2,𦐇; 蹋,1,1,蹋,2,𦐇; 蹋
35-09,35,9,632,368,no,no,0,,4,3,耴; 輒; 踂,4,3,耴; 輒; 踂,3,耴; 輒; 踂
35-10,35,10,633,368,no,no,0,,16,13,枼; 葉; 鍱; 堞; 牒; 蝶; 褋; 諜; 蹀; 揲,2,2,葉; 屧,13,枼; 葉; 鍱; 堞; 牒; 蝶; 褋; 諜; 蹀; 揲
35-11,35,11,1255a,368,no,no,0,,1,1,疊,0,0,,1,疊
35-12,35,12,637,368,no,no,0,,8,8,巤; 儠; 擸; 獵; 躐; 邋; 鬣; 臘,3,3,獵; 躐; 臘,8,巤; 儠; 擸; 獵; 躐; 邋; 鬣; 臘
35-13,35,13,638,369,no,no,0,,6,5,聶; 躡; 讘; 懾; 攝,3,3,聶; 躡; 攝,5,聶; 躡; 讘; 懾; 攝
35-14,35,14,1255e,369,no,no,0,,1,1,苶,0,0,,1,苶
35-15,35,15,635,369,no,no,0,,5,5,妾; 踥; 接; 椄; 翣,3,3,妾; 接; 椄,5,妾; 踥; 接; 椄; 翣
35-16,35,16,636,369,no,no,0,,4,4,疌; 捷; 寁; 睫,2,2,捷; 睫,4,疌; 捷; 寁; 睫
35-17,35,17,631,369,no,no,0,,4,3,臿; 插; 歃,2,2,臿; 插,3,臿; 插; 歃
35-18,35,18,1254b,369,no,no,0,,1,1,扱,0,0,,1,扱
35-19,35,19,1255c,370,no,no,0,,1,1,燮,0,0,,1,燮
35-20,35,20,641,370,no,no,0,,6,4,乏; 泛; 窆; 貶,4,3,乏; 泛; 貶,4,乏; 泛; 窆; 貶
35-21,35,21,642,370,no,no,0,,19,15,劫; 刧; 怯; 法; 灋; 盍; 盇; 嗑; 蓋; 葢,5,5,劫; 法; 灋; 盍; 蓋,15,劫; 刧; 怯; 法; 灋; 盍; 盇; 嗑; 蓋; 葢
36-01,36,1,606,371,no,no,0,,9,9,甘; 泔; 𤯌; 酣; 拑; 鉗; 柑; 紺; 箝,5,4,邯; 甘; 酣; 鉗,10,甘; 泔; 𤯌; 酣; 拑; 鉗; 柑; 紺; 箝; 邯
36-02,36,2,607; 36,371,no,no,0,,14,10,敢; 闞; 矙; 嚴; 儼; 巖; 玁; 夏; 廈; 厦,9,8,敢; 𠪚; 嚴; 儼; 巖; 夏; 廈; 厦,11,敢; 闞; 矙; 嚴; 儼; 巖; 玁; 夏; 廈; 厦
36-03,36,3,608,372,no,no,0,,1,1,銜,1,1,銜,1,銜
36-04,36,4,624,372,no,no,0,,6,3,欠; 芡; 坎,2,2,欠; 坎,3,欠; 芡; 坎
36-05,36,5,609,372,no,no,0,,17,14,監; 鑑; 礛; 壏; 㯺; 檻; 㜮; 擥; 濫; 藍,8,4,監; 檻; 藍; 鹽,14,監; 鑑; 礛; 壏; 㯺; 檻; 㜮; 擥; 濫; 藍
36-06,36,6,613,372,no,no,0,,22,12,僉; 憸; 譣; 檢; 儉; 險; 嶮; 驗; 劍; 獫,11,7,譣; 檢; 儉; 險; 劍; 斂; 蘞,12,僉; 憸; 譣; 檢; 儉; 險; 嶮; 驗; 劍; 獫
36-07,36,7,627,373,no,no,0,,21,13,兼; 蒹; 嗛; 慊; 歉; 謙; 溓; 熑; 嫌; 鼸,7,6,兼; 蒹; 謙; 嫌; 廉; 鎌,13,兼; 蒹; 嗛; 慊; 歉; 謙; 溓; 熑; 嫌; 鼸
36-09,36,9,615,374,no,no,0,,5,4,弇; 揜; 渰; 黭,0,0,,4,弇; 揜; 渰; 黭
36-10,36,10,616,374,no,no,0,,9,6,猒; 厭; 饜; 檿; 擪; 壓,2,2,厭; 饜,6,猒; 厭; 饜; 檿; 擪; 壓
36-11,36,11,619,374,no,no,0,,20,13,詹; 噡; 瞻; 幨; 襜; 贍; 檐; 擔; 儋; 甔,16,12,厃; 詹; 噡; 瞻; 幨; 襜; 贍; 檐; 擔; 膽,14,詹; 噡; 瞻; 幨; 襜; 贍; 檐; 擔; 儋; 甔
36-12,36,12,618,375,no,no,0,,23,16,占; 沾; 霑; 阽; 佔; 覘; 怗; 苫; 痁; 坫,10,7,占; 沾; 阽; 苫; 玷; 㓠; 點,16,占; 沾; 霑; 阽; 佔; 覘; 怗; 苫; 痁; 坫
36-13,36,13,1247a,375,no,no,0,,1,1,豓,0,0,,1,豓
36-14,36,14,617,375,no,no,0,,22,15,炎; 燄; 剡; 掞; 琰; 裧; 燅; 覢; 菼; 惔,2,2,剡; 啖,15,炎; 燄; 剡; 掞; 琰; 裧; 燅; 覢; 菼; 惔
36-16,36,16,621,376,no,no,0,,2,2,銛; 恬,0,0,,2,銛; 恬
36-17,36,17,1247c,376,no,no,0,,2,1,忝,2,1,忝,1,忝
36-18,36,18,622,376,no,no,0,,16,11,冄; 冉; 呥; 姌; 袡; 衻; 𩑺; 髯; 枏; 聃,0,0,,11,冄; 冉; 呥; 姌; 袡; 衻; 𩑺; 髯; 枏; 聃
36-19,36,19,623,376,no,no,0,,2,1,染,1,1,染,1,染
36-21,36,21,620,377,no,no,0,,7,7,㦰; 韱; 孅; 纖; 殲; 瀸; 攕,0,0,,7,㦰; 韱; 孅; 纖; 殲; 瀸; 攕
36-22,36,22,611,377,no,no,0,,10,8,斬; 摲; 慙; 暫; 蹔; 漸; 塹; 蔪,6,5,斬; 慙; 暫; 漸; 塹,8,斬; 摲; 慙; 暫; 蹔; 漸; 塹; 蔪
36-23,36,23,612,377,no,no,0,,12,5,毚; 欃; 儳; 讒; 鑱,0,0,,5,毚; 欃; 儳; 讒; 鑱
36-24,36,24,1154,377,no,no,0,,3,1,髟,1,1,髟,1,髟
36-25,36,25,610,377,no,no,0,,1,1,芟,0,0,,1,芟
36-26,36,26,625,378,no,no,0,,13,11,凡; 芃; 帆; 軓; 汎; 風; 飌; 鳳; 楓; 諷,5,4,凡; 汎; 風; 諷,11,凡; 芃; 帆; 軓; 汎; 風; 飌; 鳳; 楓; 諷
36-27,36,27,626,378,no,no,0,,6,5,犯; 𨊠; 氾; 範; 范,3,2,範; 范,5,犯; 𨊠; 氾; 範; 范
37-01,37,1,675; 687,379,no,no,0,,22,17,合; 䢔; 蛤; 閤; 韐; 跲; 鞈; 洽; 祫; 袷,11,9,合; 閤; 韐; 洽; 給; 翕; 噏; 歙; 拾,17,合; 䢔; 蛤; 閤; 韐; 跲; 鞈; 洽; 祫; 袷
37-02,37,2,681,379,no,no,0,,10,10,及; 彶; 急; 汲; 級; 吸; 圾; 岌; 极; 笈,3,3,及; 急; 吸,10,及; 彶; 急; 汲; 級; 吸; 圾; 岌; 极; 笈
37-03,37,3,686,380,no,no,0,,3,3,十; 什; 汁,3,3,十; 什; 汁,3,十; 什; 汁
37-04,37,4,682,380,no,no,0,,5,2,燁; 爗,0,0,,2,燁; 爗
37-05,37,5,683,380,no,no,0,,5,5,邑; 悒; 挹; 浥; 唈,5,3,邑; 挹; 浥,5,邑; 悒; 挹; 浥; 唈
37-06,37,6,676,380,no,no,0,,4,3,答; 荅; 嗒,2,2,答; 荅,3,答; 荅; 嗒
37-07,37,7,684,380,no,no,0,,1,1,馽,0,0,,1,馽
37-08,37,8,685,380,no,no,0,,12,10,執; 縶; 蟄; 慹; 蓻; 騺; 摯; 贄; 鷙; 墊,7,7,執; 縶; 蟄; 慹; 摯; 鷙; 墊,10,執; 縶; 蟄; 慹; 蓻; 騺; 摯; 贄; 鷙; 墊
37-09,37,9,677,381,no,no,0,,2,2,沓; 誻,1,1,沓,2,沓; 誻
37-10,37,10,678,381,no,no,0,,3,3,眔; 遝; 嚃,2,2,眔; 遝,3,眔; 遝; 嚃
37-11,37,11,689,381,no,no,0,,1,1,襲,2,1,襲,1,襲
37-12,37,12,690,381,no,no,0,,6,6,習; 謵; 槢; 熠; 褶; 慴,0,0,,6,習; 謵; 槢; 熠; 褶; 慴
37-13,37,13,692,381,no,no,0,,4,2,濕; 隰,2,2,濕; 隰,2,濕; 隰
37-14,37,14,693,381,no,no,0,,1,1,溼,1,1,溼,1,溼
37-15,37,15,694; 520,381,no,no,0,,12,11,立; 笠; 粒; 苙; 泣; 湇; 㕇; 拉; 涖; 莅,5,5,立; 笠; 粒; 泣; 拉,11,立; 笠; 粒; 苙; 泣; 湇; 㕇; 拉; 涖; 莅
37-16,37,16,695,382,no,no,0,,21,13,入; 內; 納; 軜; 訥; 吶; 㕯; 枘; 汭; 蚋,7,6,入; 內; 納; 訥; 吶; 焫,13,入; 內; 納; 軜; 訥; 吶; 㕯; 枘; 汭; 蚋
37-17,37,17,696,382,no,no,0,,1,1,㚔,0,0,,1,㚔
37-18,37,18,679,382,no,no,0,,2,2,帀; 匝,0,0,,2,帀; 匝
37-19,37,19,688,382,no,no,0,,12,9,咠; 緝; 葺; 輯; 戢; 濈; 揖; 楫; 檝,2,2,濈; 楫,9,咠; 緝; 葺; 輯; 戢; 濈; 揖; 楫; 檝
37-20,37,20,691,383,no,no,0,,2,2,集; 雜,2,2,集; 雜,2,集; 雜
37-21,37,21,680,383,no,no,0,,1,1,颯,0,0,,1,颯
38-02,38,2,643,385,no,no,0,,6,4,圅; 函; 涵; 菡,3,3,圅; 函; 涵,4,圅; 函; 涵; 菡
38-03,38,3,651; 652,385,no,no,0,,45,37,今; 𩃬; 蔭; 廕; 酓; 紟; 衿; 衾; 韽; 坅,15,13,今; 蔭; 衾; 禽; 含; 唅; 頷; 琴; 吟; 陰,37,今; 𩃬; 蔭; 廕; 酓; 紟; 衿; 衾; 韽; 坅
38-04,38,4,671,386,no,no,0,,14,11,咸; 諴; 鹹; 減; 緘; 黬; 感; 顑; 箴; 鍼,6,6,咸; 鹹; 黬; 感; 箴; 憾,11,咸; 諴; 鹹; 減; 緘; 黬; 感; 顑; 箴; 鍼
38-05,38,5,672,386,no,no,0,,16,14,臽; 陷; 錎; 埳; 欿; 淊; 窞; 萏; 啗; 諂,16,12,臽; 陷; 埳; 欿; 窞; 萏; 啗; 諂; 閻; 壛,14,臽; 陷; 錎; 埳; 欿; 淊; 窞; 萏; 啗; 諂
38-06,38,6,674,387,no,no,0,,1,1,熊,1,1,熊,1,熊
38-07,38,7,653,387,no,no,0,,9,8,音; 愔; 喑; 瘖; 𢉩; 暗; 闇; 歆,3,3,音; 愔; 歆,8,音; 愔; 喑; 瘖; 𢉩; 暗; 闇; 歆
38-08,38,8,654,387,no,no,0,,1,1,飲,2,1,飲,1,飲
38-09,38,9,644,387,no,no,0,,1,1,儑,0,0,,1,儑
38-10,38,10,673,387,no,no,0,,1,1,碞,0,0,,1,碞
38-11,38,11,658,387,no,no,0,,23,15,甚; 煁; 諶; 揕; 椹; 踸; 斟; 葚; 媅; 湛,8,7,甚; 煁; 諶; 椹; 斟; 葚; 堪,15,甚; 煁; 諶; 揕; 椹; 踸; 斟; 葚; 媅; 湛
38-12,38,12,659,388,no,no,0,,1,1,闖,0,0,,1,闖
38-13,38,13,665,388,no,no,0,,2,2,審; 瀋,3,3,嬸; 審; 瀋,3,審; 瀋; 嬸
38-14,38,14,656,388,no,no,0,,18,13,冘; 沈; 酖; 鴆; 枕; 忱; 抌; 眈; 紞; 耽,11,7,沈; 酖; 鴆; 枕; 忱; 耽; 醓,13,冘; 沈; 酖; 鴆; 枕; 忱; 抌; 眈; 紞; 耽
38-15,38,15,657,389,no,no,0,,2,2,㸒; 淫,2,2,㸒; 淫,2,㸒; 淫
38-16,38,16,646,389,no,no,0,,17,11,覃; 潭; 譚; 燂; 鐔; 嘾; 禫; 撢; 鱏; 簟,8,6,覃; 潭; 燂; 禫; 簟; 驔,11,覃; 潭; 譚; 燂; 鐔; 嘾; 禫; 撢; 鱏; 簟
38-17,38,17,662,389,no,no,0,,1,1,尋,2,1,尋,1,尋
38-18,38,18,655,389,no,no,0,,11,9,林; 淋; 霖; 琳; 婪; 惏; 禁; 襟; 噤,3,3,林; 淋; 禁,9,林; 淋; 霖; 琳; 婪; 惏; 禁; 襟; 噤
38-19,38,19,668,390,no,no,0,,6,4,稟; 禀; 廩; 懍,8,4,凜; 稟; 禀; 廩,5,稟; 禀; 廩; 懍; 凜
38-20,38,20,669,390,no,no,0,,3,2,品; 臨,1,1,臨,2,品; 臨
38-21,38,21,645,390,no,no,0,,2,2,貪; 嗿,1,1,貪,2,貪; 嗿
38-22,38,22,649,390,no,no,0,,1,1,男,1,1,男,1,男
38-23,38,23,650,390,no,no,0,,1,1,南,1,1,南,1,南
38-24,38,24,670,390,no,no,0,,6,6,念; 稔; 腍; 淰; 諗; 敜,2,2,念; 諗,6,念; 稔; 腍; 淰; 諗; 敜
38-25,38,25,667,391,no,no,0,,16,12,壬; 任; 妊; 姙; 紝; 絍; 衽; 袵; 飪; 恁,9,7,壬; 任; 紝; 衽; 飪; 恁; 荏,12,壬; 任; 妊; 姙; 紝; 絍; 衽; 袵; 飪; 恁
38-26,38,26,666,391,no,no,0,,5,4,穼; 深; 琛; 探,3,2,深; 探,4,穼; 深; 琛; 探
38-27,38,27,661,391,no,no,0,,16,9,𠎶; 侵; 綅; 寢; 鋟; 駸; 浸; 祲; 寖,2,2,侵; 寢,9,𠎶; 侵; 綅; 寢; 鋟; 駸; 浸; 祲; 寖
38-28,38,28,660,392,no,no,0,,16,12,兓; 朁; 憯; 噆; 簪; 鐕; 蠶; 譖; 鬵; 僭,11,8,噆; 簪; 蠶; 譖; 鬵; 僭; 熸; 潛,12,兓; 朁; 憯; 噆; 簪; 鐕; 蠶; 譖; 鬵; 僭
38-29,38,29,647,392,no,no,0,,10,6,參; 驂; 慘; 糝; 槮; 摻,7,3,參; 驂; 槮,6,參; 驂; 慘; 糝; 槮; 摻
38-30,38,30,648,393,no,no,0,,2,1,三,2,1,三,1,三
38-31,38,31,663,393,no,no,0,,1,1,心,1,1,心,1,心
38-32,38,32,664,393,no,no,0,,1,1,森,0,0,,1,森
